product_id,name,category,price,quantity,supplier,branch,sale_date,amount_sold
P0001,تواليت Officer 34 سم,أحواض,1151.09,62,"Hernandez, Carter and Bell",الإسكندرية,2025-03-18,2302.18
P0002,تواليت To 33 سم,تواليت,1149.9,139,Wells-Morales,القاهرة,2025-01-02,5749.5
P0003,سيراميك أرضيات Opportunity 24 سم,أحواض,276.49,59,Smith-Brown,طنطا,2025-04-24,1382.45
P0004,أحواض Around 91 سم,خلاطات,1116.63,179,Grant LLC,طنطا,2025-03-20,4466.52
P0005,خلاطات Doctor 77 سم,سيراميك حوائط,525.56,1,Jackson Inc,الإسكندرية,2025-01-07,2102.24
P0006,بانيوهات Protect 55 سم,خلاطات,440.67,195,Burton-Pitts,الجيزة,2025-04-23,440.67
P0007,أحواض Stage 68 سم,أحواض,634.62,88,Lewis and Sons,طنطا,2025-05-27,1903.86
P0008,اكسسوارات Really 25 سم,تواليت,770.22,31,Barrett-Riggs,أسيوط,2025-04-17,770.22
P0009,سيراميك حوائط Wide 57 سم,اكسسوارات,998.66,92,"Soto, Jefferson and Ellis",طنطا,2025-05-16,1997.32
P0010,تواليت Really 28 سم,أحواض,1042.71,197,"Walker, Duke and Walsh",الجيزة,2025-05-16,1042.71
P0011,اكسسوارات Use 49 سم,اكسسوارات,286.35,71,Rogers-Perez,أسيوط,2025-01-09,859.05
P0012,خلاطات Respond 67 سم,بانيوهات,432.83,68,Oliver Inc,القاهرة,2025-04-30,2164.15
P0013,تواليت Here 41 سم,سيراميك حوائط,1134.32,41,"Hamilton, Burnett and Simon",أسيوط,2024-12-23,4537.28
P0014,بانيوهات Economy 91 سم,خلاطات,1074.23,196,Peterson-Moore,القاهرة,2025-06-02,2148.46
P0015,اكسسوارات Card 24 سم,اكسسوارات,575.86,68,Russo-Williams,القاهرة,2025-01-01,1151.72
P0016,سيراميك حوائط As 60 سم,خلاطات,1034.84,101,Bowman PLC,أسيوط,2025-06-19,2069.68
P0017,بانيوهات Open 37 سم,خلاطات,1155.74,137,Villanueva-Miller,الجيزة,2025-04-23,5778.7
P0018,سيراميك أرضيات Particular 94 سم,سيراميك أرضيات,638.7,35,"Gonzalez, Murray and Flores",طنطا,2025-01-31,2554.8
P0019,أحواض Daughter 26 سم,اكسسوارات,298.03,160,Hodge-Wagner,الإسكندرية,2025-06-10,1192.12
P0020,سيراميك حوائط Series 28 سم,سيراميك أرضيات,665.19,119,"Anderson, Kim and Frederick",طنطا,2025-05-03,1995.57
P0021,سيراميك حوائط Owner 21 سم,تواليت,1122.97,174,Austin Ltd,طنطا,2025-02-18,3368.91
P0022,اكسسوارات Himself 63 سم,أحواض,546.23,40,"Fowler, Smith and Castaneda",أسيوط,2025-03-07,546.23
P0023,تواليت Campaign 53 سم,سيراميك حوائط,1178.65,129,"Hall, Thompson and Kelley",القاهرة,2025-01-08,3535.95
P0024,اكسسوارات Begin 84 سم,سيراميك حوائط,418.53,95,"Thomas, Payne and Benjamin",الإسكندرية,2025-04-14,2092.65
P0025,اكسسوارات Time 87 سم,أحواض,958.58,125,Ellis PLC,القاهرة,2025-01-02,958.58
P0026,بانيوهات Food 59 سم,خلاطات,228.2,145,Gutierrez Inc,القاهرة,2025-05-02,228.2
P0027,تواليت Part 82 سم,اكسسوارات,243.44,194,Lewis-Lucas,طنطا,2025-05-16,486.88
P0028,خلاطات Growth 80 سم,سيراميك حوائط,372.92,135,Carrillo LLC,طنطا,2025-02-14,1491.68
P0029,خلاطات Out 89 سم,اكسسوارات,1135.41,51,"Mitchell, Ryan and Jackson",الجيزة,2025-06-08,4541.64
P0030,تواليت With 67 سم,سيراميك أرضيات,1364.48,115,Miller LLC,القاهرة,2025-03-09,2728.96
P0031,خلاطات Her 28 سم,بانيوهات,178.4,141,Mann PLC,الإسكندرية,2025-01-09,892.0
P0032,خلاطات Nature 20 سم,أحواض,1105.59,15,"Perry, Evans and Carpenter",الإسكندرية,2025-01-17,1105.59
P0033,أحواض Worry 62 سم,أحواض,844.11,71,Barry Ltd,أسيوط,2025-01-19,1688.22
P0034,سيراميك حوائط Ability 36 سم,تواليت,1412.94,146,Shaffer-Jones,طنطا,2025-01-24,5651.76
P0035,خلاطات Fund 80 سم,اكسسوارات,699.53,24,Mosley LLC,القاهرة,2025-03-09,2798.12
P0036,بانيوهات Phone 74 سم,سيراميك أرضيات,780.48,186,"Nelson, Escobar and Floyd",القاهرة,2025-02-18,780.48
P0037,أحواض Strategy 71 سم,تواليت,608.06,27,"George, Thomas and Gonzales",الإسكندرية,2025-02-16,1216.12
P0038,خلاطات College 88 سم,سيراميك أرضيات,339.25,46,Williams Inc,الجيزة,2025-01-11,1357.0
P0039,خلاطات Few 29 سم,سيراميك أرضيات,1240.83,140,"Clark, Holmes and Olson",القاهرة,2025-05-24,1240.83
P0040,تواليت Mean 89 سم,اكسسوارات,169.92,23,Estes Group,الإسكندرية,2025-01-02,339.84
P0041,سيراميك أرضيات Congress 82 سم,سيراميك أرضيات,438.56,102,Caldwell-Davis,القاهرة,2025-03-30,877.12
P0042,سيراميك أرضيات Strong 20 سم,سيراميك أرضيات,508.02,200,Shepard Ltd,أسيوط,2025-06-06,1524.06
P0043,سيراميك أرضيات Beat 91 سم,تواليت,1119.85,39,Stewart-Ramos,الإسكندرية,2025-04-27,3359.55
P0044,خلاطات Exactly 27 سم,سيراميك حوائط,1143.25,15,Delacruz Inc,الجيزة,2025-03-01,1143.25
P0045,أحواض Form 94 سم,سيراميك أرضيات,828.85,135,"Mclaughlin, Joseph and Figueroa",الإسكندرية,2025-01-10,828.85
P0046,سيراميك حوائط Your 30 سم,اكسسوارات,400.86,152,Barber LLC,القاهرة,2025-04-21,801.72
P0047,سيراميك أرضيات Behind 35 سم,سيراميك حوائط,482.39,152,"Wu, Padilla and Acosta",القاهرة,2025-01-22,2411.95
P0048,أحواض Around 73 سم,تواليت,937.96,133,Mercer-Hurst,الجيزة,2025-04-09,2813.88
P0049,خلاطات Last 60 سم,خلاطات,508.58,33,Mitchell-Miller,الجيزة,2025-01-09,2034.32
P0050,بانيوهات Least 29 سم,أحواض,768.69,144,"Garza, Moore and Elliott",القاهرة,2025-06-20,768.69
P0051,سيراميك حوائط Bring 47 سم,سيراميك حوائط,508.02,89,"Johnson, Snyder and Kane",القاهرة,2025-03-16,1016.04
P0052,بانيوهات Note 56 سم,خلاطات,741.55,139,Bishop and Sons,الجيزة,2025-04-30,3707.75
P0053,اكسسوارات Generation 87 سم,أحواض,1051.62,141,"Medina, Castaneda and Whitehead",الجيزة,2025-01-29,1051.62
P0054,خلاطات Man 53 سم,أحواض,1351.11,190,Shah-Hancock,طنطا,2025-02-23,2702.22
P0055,بانيوهات Already 56 سم,سيراميك حوائط,434.35,87,"Sampson, Martin and Santos",الإسكندرية,2025-03-17,1303.05
P0056,سيراميك حوائط After 82 سم,بانيوهات,1372.2,13,"Jackson, Brown and Brown",القاهرة,2025-04-30,5488.8
P0057,اكسسوارات According 55 سم,أحواض,154.79,197,Harrison Group,الإسكندرية,2025-04-21,464.37
P0058,خلاطات Including 76 سم,سيراميك حوائط,1102.65,143,Gonzales-Pruitt,القاهرة,2024-12-23,1102.65
P0059,أحواض Behind 39 سم,سيراميك حوائط,198.64,94,Clark and Sons,طنطا,2024-12-31,993.2
P0060,خلاطات Future 75 سم,خلاطات,206.47,93,"Mitchell, Johnston and Wood",القاهرة,2024-12-30,619.41
P0061,خلاطات Happen 51 سم,تواليت,288.77,199,Hill and Sons,طنطا,2025-01-20,1155.08
P0062,سيراميك حوائط Hold 39 سم,خلاطات,1317.22,45,"Mitchell, Berry and Goodwin",أسيوط,2025-06-16,1317.22
P0063,خلاطات Pull 62 سم,اكسسوارات,1406.6,171,Tucker-Stafford,الإسكندرية,2025-04-27,4219.8
P0064,خلاطات Media 33 سم,سيراميك أرضيات,1327.43,120,Graham-Morrison,الإسكندرية,2025-02-05,2654.86
P0065,اكسسوارات Method 78 سم,بانيوهات,562.01,58,Clark LLC,الإسكندرية,2025-04-28,562.01
P0066,تواليت Effort 44 سم,سيراميك أرضيات,593.15,17,"Carter, Stephens and Long",الجيزة,2025-01-01,1779.45
P0067,تواليت Safe 85 سم,سيراميك أرضيات,1067.35,137,Vasquez-Dickson,الجيزة,2025-05-11,1067.35
P0068,أحواض North 53 سم,خلاطات,933.8,67,Phillips-Conway,القاهرة,2025-01-20,933.8
P0069,سيراميك حوائط Hit 75 سم,بانيوهات,1133.54,80,"Miller, Robinson and Greene",أسيوط,2024-12-22,5667.7
P0070,سيراميك حوائط Strategy 34 سم,سيراميك أرضيات,1364.33,48,Morris PLC,الجيزة,2025-05-01,1364.33
P0071,تواليت Himself 75 سم,أحواض,851.89,137,Smith-Tyler,الإسكندرية,2025-04-16,2555.67
P0072,سيراميك أرضيات Vote 28 سم,تواليت,1393.04,159,Tyler-Jones,الجيزة,2025-03-07,1393.04
P0073,تواليت Section 58 سم,سيراميك حوائط,567.53,104,"Collins, Morris and Short",الجيزة,2025-02-04,2270.12
P0074,تواليت Return 57 سم,سيراميك حوائط,321.84,107,Meyer-Murillo,أسيوط,2025-03-28,643.68
P0075,سيراميك حوائط Game 92 سم,بانيوهات,698.2,0,"Martinez, Gonzalez and Jackson",الجيزة,2025-02-21,2094.6
P0076,خلاطات Message 75 سم,اكسسوارات,932.98,167,Marquez-Quinn,الجيزة,2025-02-22,3731.92
P0077,سيراميك أرضيات It 76 سم,تواليت,438.5,121,Jordan PLC,الإسكندرية,2025-05-31,438.5
P0078,بانيوهات Entire 85 سم,تواليت,1004.47,85,Harris-Sparks,القاهرة,2025-03-09,2008.94
P0079,تواليت Expert 59 سم,خلاطات,1238.86,37,Cruz Group,القاهرة,2025-01-03,1238.86
P0080,خلاطات Course 80 سم,سيراميك حوائط,1297.15,18,Crawford and Sons,أسيوط,2025-03-13,5188.6
P0081,تواليت History 93 سم,خلاطات,1119.77,98,Smith LLC,أسيوط,2025-05-20,4479.08
P0082,خلاطات Know 38 سم,تواليت,1078.29,192,Wilson LLC,القاهرة,2025-01-20,4313.16
P0083,خلاطات Type 42 سم,اكسسوارات,1443.25,132,"Williams, Boyd and Miller",أسيوط,2025-05-17,1443.25
P0084,سيراميك حوائط Enjoy 51 سم,اكسسوارات,313.83,34,Taylor-Murphy,أسيوط,2025-05-10,1569.15
P0085,سيراميك حوائط Near 96 سم,بانيوهات,1432.55,113,Brown Inc,طنطا,2025-01-16,7162.75
P0086,سيراميك أرضيات Strong 90 سم,سيراميك أرضيات,1361.23,190,Torres Ltd,أسيوط,2025-04-29,5444.92
P0087,بانيوهات Discover 51 سم,اكسسوارات,1010.84,196,"Hernandez, Valencia and Wright",طنطا,2025-05-15,4043.36
P0088,تواليت Person 50 سم,بانيوهات,743.83,182,Bell and Sons,الجيزة,2025-02-22,1487.66
P0089,بانيوهات Play 62 سم,بانيوهات,1355.59,20,Wilson LLC,الإسكندرية,2025-03-06,2711.18
P0090,خلاطات Plant 69 سم,تواليت,356.29,54,Sweeney-Thompson,القاهرة,2025-06-08,1425.16
P0091,سيراميك أرضيات Bit 62 سم,سيراميك حوائط,779.0,15,"Mullins, Kennedy and Lowe",الإسكندرية,2025-02-21,3116.0
P0092,سيراميك أرضيات Might 94 سم,تواليت,176.37,195,Allen-Lee,طنطا,2025-03-03,705.48
P0093,سيراميك أرضيات Career 20 سم,بانيوهات,553.13,99,Salazar-Macias,أسيوط,2025-06-08,2765.65
P0094,تواليت Candidate 89 سم,اكسسوارات,964.39,56,"Davis, Cooper and Sanford",أسيوط,2025-05-23,1928.78
P0095,بانيوهات Lot 75 سم,سيراميك أرضيات,189.18,86,Davis-Underwood,أسيوط,2025-05-11,378.36
P0096,اكسسوارات Social 79 سم,خلاطات,1473.97,136,Kelly-Chavez,القاهرة,2025-03-29,5895.88
P0097,سيراميك حوائط Ok 92 سم,تواليت,186.59,164,"Sanders, Hall and Escobar",أسيوط,2025-06-01,373.18
P0098,اكسسوارات Hear 79 سم,خلاطات,217.88,97,"Page, Castillo and Davis",الجيزة,2025-04-08,435.76
P0099,سيراميك أرضيات Quickly 61 سم,بانيوهات,1177.66,97,"Howard, Mccall and Freeman",الجيزة,2025-05-08,4710.64
P0100,بانيوهات Voice 30 سم,سيراميك أرضيات,176.17,138,Reyes-Jackson,القاهرة,2025-05-29,528.51
P0101,خلاطات Recently 28 سم,اكسسوارات,1442.34,10,"Schultz, Mooney and Jones",القاهرة,2025-05-03,2884.68
P0102,خلاطات Option 22 سم,سيراميك حوائط,355.72,32,"Rowland, Reynolds and Jenkins",أسيوط,2025-05-30,355.72
P0103,سيراميك حوائط Nearly 47 سم,سيراميك أرضيات,1094.28,196,"Boyer, Wagner and Barrett",الجيزة,2025-02-21,2188.56
P0104,سيراميك حوائط Position 97 سم,تواليت,1119.78,199,Clark Group,الإسكندرية,2025-04-21,3359.34
P0105,أحواض Prove 94 سم,أحواض,1404.0,147,Lopez-Marsh,أسيوط,2025-02-19,5616.0
P0106,تواليت Data 45 سم,أحواض,949.33,160,Valentine-Brock,الإسكندرية,2025-06-17,949.33
P0107,تواليت Fund 58 سم,اكسسوارات,1073.75,30,Chandler Ltd,طنطا,2024-12-31,1073.75
P0108,بانيوهات People 88 سم,سيراميك أرضيات,1043.05,17,Stewart-Sullivan,طنطا,2025-03-06,3129.15
P0109,أحواض People 73 سم,اكسسوارات,811.77,110,"Zuniga, Johnson and Young",الجيزة,2025-05-05,3247.08
P0110,تواليت Account 39 سم,سيراميك أرضيات,387.78,133,Patrick LLC,الجيزة,2025-03-29,1938.9
P0111,اكسسوارات Light 88 سم,اكسسوارات,802.72,111,Moore-Gardner,طنطا,2025-06-16,2408.16
P0112,بانيوهات Level 51 سم,اكسسوارات,1411.74,71,King-Stone,أسيوط,2025-05-21,2823.48
P0113,اكسسوارات Hit 79 سم,سيراميك حوائط,973.95,97,Barrett Group,الجيزة,2025-05-10,973.95
P0114,سيراميك أرضيات Push 61 سم,خلاطات,808.19,90,Baker Ltd,الجيزة,2025-01-05,2424.57
P0115,بانيوهات Sound 96 سم,تواليت,1338.14,142,Jackson Group,القاهرة,2025-05-28,6690.7
P0116,خلاطات High 30 سم,خلاطات,1122.1,125,Johnson-Huang,طنطا,2025-02-11,2244.2
P0117,تواليت Probably 80 سم,تواليت,1110.99,114,Jones-Garcia,القاهرة,2025-02-11,1110.99
P0118,بانيوهات Year 48 سم,سيراميك أرضيات,1083.91,78,Jennings-Case,طنطا,2025-01-17,3251.73
P0119,سيراميك أرضيات Hot 90 سم,سيراميك حوائط,614.07,190,Bond LLC,طنطا,2024-12-24,1842.21
P0120,بانيوهات Scientist 78 سم,بانيوهات,563.94,59,Merritt-Clark,القاهرة,2025-02-13,1127.88
P0121,بانيوهات Range 35 سم,تواليت,873.42,195,Wells-Cook,الإسكندرية,2025-01-02,1746.84
P0122,خلاطات Process 81 سم,بانيوهات,1128.19,194,"Williamson, Miller and Mclaughlin",طنطا,2025-03-31,5640.95
P0123,بانيوهات Want 32 سم,اكسسوارات,412.06,58,Snyder LLC,الجيزة,2025-01-31,824.12
P0124,بانيوهات Allow 21 سم,تواليت,871.08,70,"Hernandez, Martinez and Tucker",القاهرة,2025-02-12,871.08
P0125,سيراميك حوائط Black 57 سم,تواليت,1424.52,163,Kirk Ltd,أسيوط,2025-02-12,1424.52
P0126,اكسسوارات Inside 21 سم,سيراميك حوائط,533.86,122,Miller LLC,أسيوط,2025-05-18,1601.58
P0127,خلاطات Family 26 سم,بانيوهات,1420.44,122,Lopez Inc,القاهرة,2025-04-15,1420.44
P0128,سيراميك أرضيات Wind 82 سم,أحواض,928.98,175,Wolfe-Flores,القاهرة,2025-01-24,1857.96
P0129,خلاطات Thing 92 سم,بانيوهات,264.99,63,Gonzalez-Espinoza,القاهرة,2025-05-25,1324.95
P0130,اكسسوارات Know 73 سم,سيراميك حوائط,954.77,158,Clark-Buckley,الإسكندرية,2025-06-11,4773.85
P0131,سيراميك أرضيات Size 77 سم,سيراميك أرضيات,551.43,150,Benson and Sons,أسيوط,2025-03-07,1654.29
P0132,سيراميك حوائط Three 99 سم,أحواض,973.0,189,"Park, Vaughan and Nielsen",القاهرة,2025-05-26,1946.0
P0133,تواليت Middle 47 سم,بانيوهات,1041.58,40,Castaneda-Holmes,الإسكندرية,2025-04-27,2083.16
P0134,سيراميك حوائط School 29 سم,خلاطات,153.61,115,"Martin, Flores and Guerrero",طنطا,2025-01-14,614.44
P0135,بانيوهات Student 24 سم,خلاطات,538.94,72,Williams-Jimenez,أسيوط,2025-05-22,538.94
P0136,تواليت Event 49 سم,بانيوهات,1213.57,160,Holloway-Grimes,طنطا,2025-03-01,2427.14
P0137,سيراميك أرضيات Remain 34 سم,سيراميك حوائط,453.49,38,Burch-Cox,الجيزة,2025-02-27,906.98
P0138,أحواض Record 27 سم,خلاطات,1220.05,152,Allen PLC,طنطا,2025-04-21,3660.15
P0139,سيراميك أرضيات Enjoy 35 سم,سيراميك أرضيات,1079.72,179,Lowery-Briggs,أسيوط,2024-12-20,3239.16
P0140,سيراميك حوائط Read 89 سم,سيراميك أرضيات,740.97,153,Farmer Ltd,القاهرة,2025-04-26,2963.88
P0141,تواليت Time 61 سم,سيراميك حوائط,488.0,23,Davis LLC,الإسكندرية,2025-04-09,2440.0
P0142,سيراميك حوائط Performance 22 سم,اكسسوارات,1057.58,68,Nolan Inc,طنطا,2025-05-16,1057.58
P0143,اكسسوارات Build 42 سم,سيراميك أرضيات,850.6,113,Taylor Group,الجيزة,2025-02-03,1701.2
P0144,سيراميك حوائط Generation 75 سم,تواليت,1249.23,23,Turner-Coleman,أسيوط,2025-02-15,3747.69
P0145,سيراميك أرضيات Discuss 62 سم,بانيوهات,1054.68,41,Jackson Group,الجيزة,2025-03-17,4218.72
P0146,تواليت Attorney 83 سم,بانيوهات,1044.49,102,"Peterson, Williamson and Curtis",طنطا,2024-12-21,1044.49
P0147,سيراميك أرضيات Various 31 سم,بانيوهات,490.74,29,"Durham, Vasquez and Shields",أسيوط,2025-05-14,2453.7
P0148,اكسسوارات Picture 20 سم,تواليت,1323.65,118,Johnson PLC,أسيوط,2025-04-03,1323.65
P0149,خلاطات First 86 سم,بانيوهات,990.56,127,Johnson and Sons,أسيوط,2025-01-03,990.56
P0150,خلاطات Region 54 سم,سيراميك حوائط,326.87,73,"Sawyer, Brooks and Johnson",أسيوط,2025-01-18,1307.48
P0151,أحواض Research 23 سم,تواليت,971.98,61,Conrad-Foster,الإسكندرية,2025-03-08,2915.94
P0152,سيراميك حوائط Nearly 21 سم,سيراميك حوائط,700.79,57,"Green, Morris and Joseph",القاهرة,2025-04-04,2803.16
P0153,أحواض Something 39 سم,سيراميك أرضيات,1409.08,74,Martin LLC,طنطا,2025-05-28,4227.24
P0154,سيراميك أرضيات Establish 81 سم,سيراميك أرضيات,479.04,141,"Castro, Campbell and Rodriguez",الإسكندرية,2025-04-02,1916.16
P0155,خلاطات Race 96 سم,سيراميك حوائط,1157.49,34,Garcia-Fernandez,القاهرة,2025-05-01,3472.47
P0156,اكسسوارات Reach 73 سم,بانيوهات,1411.24,129,Blackburn-Hardin,الجيزة,2025-04-04,1411.24
P0157,بانيوهات Life 58 سم,اكسسوارات,942.37,168,Smith-Goodwin,أسيوط,2025-05-09,1884.74
P0158,سيراميك أرضيات Area 88 سم,سيراميك أرضيات,615.92,141,Martin Inc,طنطا,2025-02-16,2463.68
P0159,سيراميك أرضيات Player 61 سم,اكسسوارات,404.68,178,"Lewis, Taylor and Bernard",الإسكندرية,2025-02-08,2023.4
P0160,سيراميك أرضيات Season 49 سم,اكسسوارات,1196.99,11,Smith-Gallagher,الجيزة,2025-02-19,4787.96
P0161,تواليت Particular 68 سم,سيراميك أرضيات,1484.36,166,"Gay, Allen and Park",الإسكندرية,2025-05-26,5937.44
P0162,أحواض Election 36 سم,سيراميك حوائط,1453.23,84,Hunt-Lucas,القاهرة,2025-05-22,5812.92
P0163,أحواض Age 87 سم,سيراميك أرضيات,170.72,36,Rollins Ltd,أسيوط,2025-04-19,341.44
P0164,أحواض However 80 سم,اكسسوارات,1458.42,86,Cook Group,طنطا,2025-03-16,5833.68
P0165,تواليت Financial 30 سم,اكسسوارات,593.56,172,Baker-Hill,طنطا,2025-03-05,2374.24
P0166,بانيوهات Manager 100 سم,تواليت,1348.04,124,"Lopez, Schmidt and Gillespie",طنطا,2025-01-27,1348.04
P0167,سيراميك حوائط Loss 28 سم,خلاطات,1002.07,73,Vargas Group,الإسكندرية,2025-05-27,1002.07
P0168,سيراميك أرضيات Hand 32 سم,اكسسوارات,1005.56,25,Ortiz-Mcknight,أسيوط,2025-03-15,2011.12
P0169,تواليت Every 58 سم,أحواض,212.09,14,"Shepard, Anderson and King",الجيزة,2025-01-16,636.27
P0170,بانيوهات Performance 75 سم,خلاطات,479.67,105,Morales-Yu,طنطا,2025-03-03,959.34
P0171,خلاطات Anything 42 سم,أحواض,972.81,97,Alexander PLC,طنطا,2025-03-22,1945.62
P0172,سيراميك أرضيات Do 94 سم,خلاطات,463.45,163,Dawson and Sons,الجيزة,2025-02-21,1853.8
P0173,بانيوهات Term 21 سم,اكسسوارات,778.09,73,Reeves-Butler,طنطا,2025-05-05,1556.18
P0174,أحواض Him 76 سم,بانيوهات,1483.33,76,"Martinez, Jones and Wyatt",أسيوط,2025-01-30,4449.99
P0175,سيراميك أرضيات Close 58 سم,خلاطات,1499.15,123,"Tanner, Torres and Ruiz",القاهرة,2025-03-02,2998.3
P0176,سيراميك أرضيات Former 93 سم,بانيوهات,926.0,179,"Sutton, Jones and Jennings",الجيزة,2024-12-25,926.0
P0177,اكسسوارات Visit 70 سم,بانيوهات,160.93,175,Sanchez Ltd,القاهرة,2025-03-30,804.65
P0178,تواليت Great 83 سم,اكسسوارات,1370.61,73,Coffey-Roberts,الإسكندرية,2025-01-15,6853.05
P0179,اكسسوارات Question 65 سم,خلاطات,1009.43,158,"Hudson, Jackson and Alvarez",الجيزة,2025-01-14,2018.86
P0180,تواليت Bad 32 سم,تواليت,1022.56,79,Hernandez PLC,أسيوط,2025-03-11,1022.56
P0181,سيراميك حوائط Prepare 66 سم,تواليت,327.41,75,Smith Inc,الجيزة,2025-03-18,1309.64
P0182,خلاطات Notice 45 سم,خلاطات,1211.79,93,Chang-Mitchell,طنطا,2025-06-05,6058.95
P0183,بانيوهات By 41 سم,بانيوهات,1383.97,123,Cole PLC,الجيزة,2025-04-01,4151.91
P0184,اكسسوارات Measure 34 سم,سيراميك أرضيات,1449.91,36,"Camacho, Kennedy and Reese",الإسكندرية,2025-03-16,5799.64
P0185,اكسسوارات Design 91 سم,بانيوهات,271.91,101,Guerra-Simon,القاهرة,2025-03-25,815.73
P0186,سيراميك حوائط During 35 سم,سيراميك أرضيات,647.59,191,Estrada-Sanchez,الجيزة,2024-12-31,3237.95
P0187,سيراميك أرضيات Wear 67 سم,أحواض,1061.03,120,Berry-Williamson,القاهرة,2025-03-07,5305.15
P0188,سيراميك حوائط Story 61 سم,سيراميك حوائط,448.85,16,Lopez LLC,أسيوط,2025-06-16,1346.55
P0189,تواليت Arm 72 سم,أحواض,338.7,9,Rodriguez-Mosley,الجيزة,2025-03-23,1354.8
P0190,أحواض Speech 32 سم,خلاطات,1347.8,34,"Key, Bender and Blackburn",أسيوط,2025-05-19,5391.2
P0191,بانيوهات Scene 89 سم,سيراميك أرضيات,942.91,186,Baker LLC,الإسكندرية,2025-06-05,3771.64
P0192,تواليت Event 32 سم,اكسسوارات,810.62,104,Hopkins Inc,الجيزة,2025-03-27,810.62
P0193,تواليت Call 67 سم,خلاطات,748.57,60,"Neal, Boone and Garcia",الجيزة,2025-03-11,748.57
P0194,تواليت One 67 سم,سيراميك حوائط,1367.29,165,Gomez-Harris,الجيزة,2025-06-10,1367.29
P0195,سيراميك أرضيات Suggest 55 سم,خلاطات,1457.08,116,Hartman LLC,القاهرة,2025-05-29,2914.16
P0196,تواليت Claim 96 سم,أحواض,218.28,85,Vazquez-Black,الإسكندرية,2025-01-08,436.56
P0197,اكسسوارات Road 92 سم,خلاطات,242.62,195,Morrison and Sons,طنطا,2024-12-30,485.24
P0198,سيراميك حوائط Blue 47 سم,اكسسوارات,1324.09,84,Liu-Zuniga,الإسكندرية,2025-05-15,6620.45
P0199,أحواض Because 55 سم,اكسسوارات,1478.44,33,"Bryan, Cruz and Morris",طنطا,2025-04-24,4435.32
P0200,اكسسوارات Alone 42 سم,أحواض,1042.43,6,Kennedy and Sons,الإسكندرية,2025-04-08,1042.43
P0201,بانيوهات Least 50 سم,سيراميك حوائط,587.09,44,Hernandez-Gentry,الجيزة,2024-12-20,587.09
P0202,خلاطات Animal 73 سم,سيراميك حوائط,303.43,16,"Salinas, Boyd and Levy",أسيوط,2025-03-04,1213.72
P0203,اكسسوارات Every 66 سم,سيراميك حوائط,951.45,115,Miller-Reeves,طنطا,2025-06-04,1902.9
P0204,سيراميك حوائط Officer 25 سم,تواليت,1207.36,168,"Peterson, Rivera and Warren",طنطا,2025-04-24,3622.08
P0205,سيراميك أرضيات To 23 سم,أحواض,1498.09,102,Cunningham-Frazier,أسيوط,2025-01-30,1498.09
P0206,سيراميك أرضيات Hair 76 سم,أحواض,1364.01,82,Gallagher-Nelson,طنطا,2025-01-16,2728.02
P0207,أحواض Natural 36 سم,بانيوهات,992.83,149,Moore LLC,طنطا,2025-01-03,2978.49
P0208,سيراميك أرضيات Protect 96 سم,سيراميك حوائط,548.11,129,"Collier, Crawford and Wilkins",طنطا,2025-04-07,2192.44
P0209,أحواض Item 34 سم,اكسسوارات,1033.86,196,Garcia-Jones,طنطا,2025-06-18,2067.72
P0210,سيراميك أرضيات Four 77 سم,خلاطات,708.65,116,Owens-Adams,أسيوط,2025-03-15,2834.6
P0211,تواليت Third 32 سم,بانيوهات,726.13,170,Robbins Inc,الجيزة,2025-05-08,2178.39
P0212,خلاطات Wonder 80 سم,أحواض,273.15,21,"Bailey, Cordova and Benitez",القاهرة,2025-06-15,1092.6
P0213,أحواض Scene 67 سم,اكسسوارات,325.66,15,Mendoza Inc,طنطا,2025-03-12,1628.3
P0214,سيراميك حوائط Tax 62 سم,تواليت,315.01,90,"Davis, Reynolds and Lucas",أسيوط,2025-01-09,315.01
P0215,بانيوهات Strong 96 سم,بانيوهات,624.72,147,"Ochoa, Jackson and Davis",طنطا,2025-01-29,1249.44
P0216,خلاطات Same 81 سم,خلاطات,1293.82,89,Waller-Ellis,طنطا,2025-02-08,3881.46
P0217,أحواض Social 55 سم,سيراميك حوائط,455.31,109,"Douglas, Long and Lamb",طنطا,2025-01-30,2276.55
P0218,سيراميك حوائط Stay 91 سم,أحواض,972.14,168,"Wilson, Nicholson and Gonzalez",الجيزة,2025-03-23,972.14
P0219,خلاطات Personal 54 سم,تواليت,1179.25,86,Schmidt PLC,الجيزة,2025-02-02,1179.25
P0220,خلاطات Participant 38 سم,سيراميك حوائط,1037.42,17,Warren PLC,الإسكندرية,2025-05-01,1037.42
P0221,أحواض Wonder 87 سم,خلاطات,657.86,116,Campbell Ltd,الجيزة,2025-03-06,1315.72
P0222,بانيوهات Sport 59 سم,تواليت,587.92,145,Barry-Russell,طنطا,2025-02-06,587.92
P0223,أحواض Half 39 سم,خلاطات,1168.49,12,"Taylor, Montgomery and Mcmahon",القاهرة,2025-04-19,3505.47
P0224,سيراميك أرضيات Drug 74 سم,سيراميك أرضيات,969.55,106,"Andrews, Mckenzie and Mullins",الجيزة,2025-04-14,1939.1
P0225,اكسسوارات Test 85 سم,أحواض,615.98,28,"Stewart, Smith and Turner",الجيزة,2025-03-29,3079.9
P0226,سيراميك أرضيات Hold 87 سم,تواليت,566.37,56,Meyers-Patel,أسيوط,2025-03-26,2831.85
P0227,أحواض Station 20 سم,خلاطات,556.92,54,Alvarado Inc,الإسكندرية,2025-06-02,1670.76
P0228,بانيوهات Analysis 61 سم,أحواض,160.44,191,"Walker, Hamilton and Walton",أسيوط,2025-03-13,320.88
P0229,خلاطات Different 68 سم,سيراميك حوائط,1099.96,128,"Hull, Thomas and Brown",طنطا,2025-05-31,3299.88
P0230,أحواض Environmental 70 سم,اكسسوارات,1151.76,111,Shaw PLC,القاهرة,2025-01-06,4607.04
P0231,أحواض There 60 سم,سيراميك حوائط,729.53,103,Mckinney Ltd,أسيوط,2025-06-10,2188.59
P0232,أحواض Star 71 سم,أحواض,1454.37,43,Wolfe and Sons,طنطا,2024-12-21,5817.48
P0233,اكسسوارات Remain 66 سم,أحواض,739.56,27,Williams-Perez,الإسكندرية,2025-05-09,2958.24
P0234,سيراميك حوائط Smile 71 سم,سيراميك حوائط,256.17,79,"Pope, Leonard and Sullivan",الجيزة,2025-03-01,512.34
P0235,بانيوهات Major 41 سم,أحواض,839.15,29,Oconnor-Elliott,طنطا,2025-05-16,4195.75
P0236,خلاطات Wall 64 سم,بانيوهات,1131.96,165,"Austin, Nixon and Williams",الإسكندرية,2025-01-11,2263.92
P0237,أحواض Growth 38 سم,بانيوهات,416.32,154,"Meza, Clark and Holden",الإسكندرية,2025-06-08,416.32
P0238,خلاطات Add 100 سم,سيراميك أرضيات,776.34,144,"Sampson, Mcintosh and Martin",طنطا,2025-05-11,3105.36
P0239,تواليت Court 92 سم,تواليت,1007.65,159,Sosa-Greene,الجيزة,2025-03-04,3022.95
P0240,خلاطات Why 76 سم,أحواض,783.04,161,"Johnson, Vega and Taylor",الجيزة,2025-04-17,2349.12
P0241,سيراميك حوائط Air 27 سم,بانيوهات,834.9,79,Rogers Ltd,أسيوط,2025-01-10,3339.6
P0242,أحواض Peace 27 سم,بانيوهات,1272.79,19,"Fisher, Johnson and Lowe",القاهرة,2025-05-16,6363.95
P0243,سيراميك حوائط Real 84 سم,سيراميك أرضيات,774.66,141,Boyd PLC,القاهرة,2025-01-21,3098.64
P0244,اكسسوارات End 93 سم,تواليت,404.12,154,Johnson and Sons,أسيوط,2025-03-06,2020.6
P0245,خلاطات Someone 27 سم,سيراميك أرضيات,289.73,87,Allen and Sons,القاهرة,2025-06-08,1448.65
P0246,تواليت Drug 42 سم,أحواض,484.45,112,Velazquez-Phillips,أسيوط,2025-06-19,2422.25
P0247,سيراميك حوائط Southern 98 سم,خلاطات,641.26,72,Boyd Inc,أسيوط,2025-03-24,2565.04
P0248,اكسسوارات Indeed 63 سم,تواليت,957.15,161,Williams-Fox,الجيزة,2025-04-19,957.15
P0249,بانيوهات Another 32 سم,سيراميك حوائط,1065.81,72,Villegas-Hunt,الجيزة,2025-05-27,5329.05
P0250,اكسسوارات Support 39 سم,بانيوهات,260.03,169,"Arroyo, Christensen and Morgan",الإسكندرية,2025-04-19,780.09
P0251,بانيوهات Possible 70 سم,خلاطات,953.31,21,Zavala Ltd,الجيزة,2025-02-05,4766.55
P0252,سيراميك أرضيات West 62 سم,اكسسوارات,322.52,179,Mullins-Barrett,طنطا,2025-01-24,322.52
P0253,تواليت Size 74 سم,سيراميك حوائط,638.47,92,"Martinez, Kane and Leon",الجيزة,2025-02-28,1276.94
P0254,خلاطات Current 63 سم,اكسسوارات,806.47,57,"Walter, Lewis and Murphy",الإسكندرية,2025-04-28,1612.94
P0255,أحواض Best 57 سم,اكسسوارات,1213.96,129,Hodge Inc,طنطا,2024-12-25,6069.8
P0256,أحواض Foreign 63 سم,اكسسوارات,984.34,152,Moran and Sons,أسيوط,2025-04-21,1968.68
P0257,خلاطات Other 43 سم,اكسسوارات,1085.34,159,"Franklin, Salazar and Bryant",الإسكندرية,2025-01-16,4341.36
P0258,أحواض Town 72 سم,بانيوهات,1063.09,60,Spencer-Ryan,أسيوط,2025-03-04,5315.45
P0259,بانيوهات Tv 77 سم,خلاطات,870.92,79,Reed-Howe,أسيوط,2025-02-08,1741.84
P0260,بانيوهات Those 93 سم,سيراميك أرضيات,773.27,72,Mathis-Graham,أسيوط,2025-05-23,3866.35
P0261,سيراميك حوائط Believe 73 سم,خلاطات,1252.8,154,"Gutierrez, Murphy and Barton",الإسكندرية,2024-12-31,3758.4
P0262,أحواض Full 81 سم,اكسسوارات,651.14,26,"Flores, Morgan and Alexander",طنطا,2025-06-01,651.14
P0263,بانيوهات Away 30 سم,اكسسوارات,366.42,115,"Chandler, Caldwell and Miles",طنطا,2025-06-13,732.84
P0264,اكسسوارات Agreement 75 سم,أحواض,1427.66,56,Lewis-Walters,أسيوط,2025-04-27,4282.98
P0265,أحواض Life 73 سم,أحواض,685.21,95,Morgan-Chan,الإسكندرية,2025-06-10,2740.84
P0266,أحواض Attorney 67 سم,خلاطات,188.05,25,"Miller, Davis and Reynolds",الجيزة,2025-06-02,376.1
P0267,خلاطات Common 24 سم,بانيوهات,1388.48,120,Lewis-Escobar,الإسكندرية,2025-01-02,5553.92
P0268,سيراميك أرضيات Guess 98 سم,أحواض,1372.91,4,"Cabrera, Carpenter and Clarke",الجيزة,2025-02-19,2745.82
P0269,اكسسوارات Throughout 39 سم,سيراميك حوائط,1419.31,155,Garcia Inc,طنطا,2025-04-03,5677.24
P0270,أحواض International 56 سم,خلاطات,556.55,12,"Hernandez, Odom and Massey",الإسكندرية,2025-05-01,2226.2
P0271,تواليت Big 99 سم,سيراميك أرضيات,234.79,127,Wilkinson Group,طنطا,2025-03-25,1173.95
P0272,أحواض Bill 100 سم,سيراميك حوائط,926.31,183,"Gutierrez, King and Hartman",الإسكندرية,2025-04-18,2778.93
P0273,سيراميك أرضيات Mr 20 سم,سيراميك حوائط,626.3,146,Carpenter-Russell,أسيوط,2025-01-17,1252.6
P0274,تواليت Senior 30 سم,سيراميك حوائط,1465.78,17,"Clark, Steele and Smith",طنطا,2025-01-16,7328.9
P0275,سيراميك حوائط Able 84 سم,سيراميك حوائط,177.45,120,Cruz-Hardy,القاهرة,2025-06-11,709.8
P0276,بانيوهات Church 52 سم,تواليت,171.93,17,Reynolds Group,الجيزة,2025-03-15,343.86
P0277,تواليت Morning 100 سم,أحواض,1191.53,188,Austin Inc,الجيزة,2025-05-24,2383.06
P0278,أحواض Also 65 سم,سيراميك حوائط,607.04,164,"Pollard, Williams and Davis",الإسكندرية,2025-04-26,2428.16
P0279,تواليت Bar 81 سم,تواليت,396.08,34,Miller-Miller,القاهرة,2024-12-27,1584.32
P0280,أحواض Step 57 سم,خلاطات,209.14,51,Melton-Johnson,القاهرة,2025-03-06,627.42
P0281,بانيوهات Subject 85 سم,سيراميك أرضيات,1485.32,139,Ware-Wilson,أسيوط,2025-06-19,4455.96
P0282,أحواض When 44 سم,بانيوهات,631.92,199,Woods-Ramirez,القاهرة,2025-03-31,1895.76
P0283,بانيوهات Father 35 سم,اكسسوارات,646.83,102,Krause-Black,أسيوط,2025-03-27,2587.32
P0284,بانيوهات Event 43 سم,سيراميك أرضيات,1084.29,94,"Monroe, Garcia and Mercado",طنطا,2025-03-22,3252.87
P0285,اكسسوارات Should 30 سم,تواليت,723.07,110,"King, Kim and Townsend",طنطا,2025-01-24,1446.14
P0286,سيراميك حوائط Official 57 سم,بانيوهات,288.51,83,Diaz LLC,الجيزة,2024-12-28,865.53
P0287,سيراميك أرضيات Much 97 سم,تواليت,725.26,176,Rose-Richards,أسيوط,2025-03-28,2175.78
P0288,سيراميك أرضيات Ready 25 سم,تواليت,1324.55,90,Kelley-Elliott,طنطا,2025-01-09,5298.2
P0289,بانيوهات Responsibility 27 سم,أحواض,1056.1,103,West and Sons,الجيزة,2025-02-25,5280.5
P0290,اكسسوارات Skill 40 سم,أحواض,342.75,155,"Peters, Smith and Snyder",أسيوط,2025-01-26,342.75
P0291,خلاطات Writer 28 سم,خلاطات,1201.0,93,Anderson and Sons,الجيزة,2024-12-20,4804.0
P0292,سيراميك حوائط Agency 24 سم,سيراميك حوائط,357.14,115,Day-Ray,الجيزة,2025-03-10,1071.42
P0293,سيراميك أرضيات Resource 29 سم,سيراميك حوائط,335.89,93,"Fitzgerald, Mccarthy and Richardson",أسيوط,2025-03-29,1007.67
P0294,تواليت Rather 55 سم,خلاطات,1446.7,6,Thompson-Peck,الإسكندرية,2025-05-04,5786.8
P0295,سيراميك حوائط Election 69 سم,سيراميك حوائط,308.98,198,Watts PLC,الجيزة,2025-04-20,1235.92
P0296,خلاطات Safe 98 سم,بانيوهات,1086.87,125,Rasmussen PLC,الإسكندرية,2025-03-24,1086.87
P0297,خلاطات Garden 29 سم,سيراميك أرضيات,383.09,182,Blevins LLC,أسيوط,2025-04-29,383.09
P0298,اكسسوارات Minute 60 سم,تواليت,619.02,16,Conley PLC,طنطا,2025-05-28,3095.1
P0299,بانيوهات Success 58 سم,اكسسوارات,362.63,181,Wood-Brown,الإسكندرية,2025-04-22,1087.89
P0300,سيراميك حوائط Worry 48 سم,أحواض,1479.93,35,Duran Group,الإسكندرية,2025-01-27,5919.72
P0301,أحواض Science 66 سم,سيراميك حوائط,922.57,119,Sparks-Gibson,طنطا,2025-05-19,1845.14
P0302,سيراميك حوائط End 31 سم,أحواض,567.54,183,Bryant-Parrish,أسيوط,2025-02-22,2837.7
P0303,سيراميك أرضيات Claim 72 سم,اكسسوارات,926.12,32,Frank and Sons,الجيزة,2025-02-07,926.12
P0304,سيراميك أرضيات Worry 79 سم,تواليت,848.44,32,"Nelson, Chung and Newman",طنطا,2025-01-25,4242.2
P0305,خلاطات Father 36 سم,سيراميك أرضيات,828.87,14,Gregory-Werner,القاهرة,2025-04-09,4144.35
P0306,خلاطات One 58 سم,خلاطات,368.66,181,Sharp LLC,الإسكندرية,2025-04-04,1105.98
P0307,سيراميك حوائط Resource 56 سم,اكسسوارات,256.46,50,Jones-Parsons,طنطا,2025-06-09,769.38
P0308,خلاطات Item 100 سم,بانيوهات,979.48,23,Lucas-Silva,طنطا,2025-05-19,1958.96
P0309,سيراميك حوائط Process 94 سم,خلاطات,381.12,159,Morgan LLC,طنطا,2025-04-28,1143.36
P0310,اكسسوارات Century 92 سم,أحواض,1264.07,7,"Smith, Weaver and James",القاهرة,2025-04-19,1264.07
P0311,تواليت We 93 سم,بانيوهات,1029.03,196,Melton Inc,طنطا,2024-12-31,4116.12
P0312,سيراميك حوائط Letter 23 سم,سيراميك أرضيات,1350.15,139,Martinez-Williams,الجيزة,2025-03-05,4050.45
P0313,سيراميك أرضيات Natural 51 سم,اكسسوارات,1239.92,103,"Williams, Rodriguez and Martin",الجيزة,2025-03-16,4959.68
P0314,أحواض Begin 27 سم,خلاطات,743.47,123,"Carney, Villanueva and Christian",أسيوط,2025-01-21,1486.94
P0315,بانيوهات May 97 سم,خلاطات,571.99,183,Garcia and Sons,الجيزة,2025-02-27,1715.97
P0316,سيراميك أرضيات Personal 36 سم,اكسسوارات,650.23,143,Carter LLC,القاهرة,2025-06-13,1950.69
P0317,خلاطات Poor 79 سم,أحواض,511.09,63,Valdez-Hines,الإسكندرية,2024-12-21,511.09
P0318,أحواض Impact 57 سم,سيراميك أرضيات,1316.62,107,"Harris, Charles and Cain",الإسكندرية,2025-05-11,2633.24
P0319,اكسسوارات Remember 61 سم,سيراميك حوائط,1123.52,48,"Saunders, Carroll and Reyes",الإسكندرية,2025-01-02,4494.08
P0320,سيراميك حوائط Part 79 سم,سيراميك أرضيات,1336.75,127,Wood-Lutz,القاهرة,2025-02-26,1336.75
P0321,سيراميك أرضيات Order 84 سم,سيراميك أرضيات,1455.03,55,Walters and Sons,طنطا,2025-05-02,4365.09
P0322,أحواض Law 26 سم,بانيوهات,818.11,167,Hawkins Inc,أسيوط,2025-03-31,2454.33
P0323,سيراميك حوائط Act 21 سم,اكسسوارات,295.12,34,"Prince, Hayden and Jones",الجيزة,2025-04-27,885.36
P0324,اكسسوارات Finish 71 سم,بانيوهات,211.08,13,"Howell, Davis and Alexander",طنطا,2025-03-12,1055.4
P0325,خلاطات Move 66 سم,سيراميك حوائط,539.61,98,Stevens-Brown,طنطا,2025-04-21,2158.44
P0326,اكسسوارات Successful 90 سم,بانيوهات,1264.17,159,"Taylor, Jennings and Barnett",طنطا,2025-06-18,1264.17
P0327,خلاطات Listen 32 سم,سيراميك أرضيات,653.82,86,"Nelson, Garcia and Foster",طنطا,2025-02-01,1961.46
P0328,اكسسوارات Well 38 سم,خلاطات,963.32,102,Mccullough-Taylor,طنطا,2025-02-02,963.32
P0329,أحواض Threat 24 سم,خلاطات,1113.35,121,Campos-Long,طنطا,2025-03-11,4453.4
P0330,خلاطات Down 97 سم,سيراميك حوائط,338.7,156,Rivas Group,الجيزة,2024-12-29,677.4
P0331,سيراميك أرضيات Ability 98 سم,تواليت,1287.51,151,Bell-Knight,الجيزة,2025-04-14,6437.55
P0332,اكسسوارات Each 85 سم,سيراميك حوائط,811.29,144,"Ellison, Horn and Nguyen",الجيزة,2025-03-02,3245.16
P0333,اكسسوارات Involve 22 سم,بانيوهات,597.17,28,"Crawford, Morales and Mcbride",أسيوط,2025-03-14,2985.85
P0334,بانيوهات Again 100 سم,أحواض,955.83,67,Curtis Ltd,طنطا,2025-02-08,4779.15
P0335,خلاطات Garden 26 سم,سيراميك حوائط,798.61,134,Villanueva-Hebert,طنطا,2025-01-11,3194.44
P0336,خلاطات Off 51 سم,أحواض,922.97,179,"Campbell, Morris and Silva",القاهرة,2025-06-14,1845.94
P0337,أحواض Institution 76 سم,بانيوهات,715.35,105,Hernandez and Sons,الإسكندرية,2025-04-18,2861.4
P0338,سيراميك حوائط Leg 98 سم,سيراميك أرضيات,1328.3,188,Saunders and Sons,القاهرة,2025-02-07,2656.6
P0339,سيراميك حوائط Book 46 سم,سيراميك حوائط,588.82,169,Jones-Hubbard,أسيوط,2025-01-15,2944.1
P0340,سيراميك أرضيات Seek 60 سم,خلاطات,770.55,136,Owens Group,الجيزة,2025-04-30,3852.75
P0341,بانيوهات Role 53 سم,سيراميك حوائط,803.64,63,Coffey-Matthews,الجيزة,2025-03-13,4018.2
P0342,بانيوهات Allow 48 سم,بانيوهات,1191.09,180,Jackson Ltd,الإسكندرية,2024-12-25,4764.36
P0343,بانيوهات Wind 81 سم,بانيوهات,906.66,184,Simmons Group,الجيزة,2025-03-26,2719.98
P0344,أحواض Dinner 93 سم,تواليت,883.31,101,Hutchinson PLC,الجيزة,2025-05-29,1766.62
P0345,بانيوهات Less 25 سم,بانيوهات,1439.67,20,"Campbell, Whitaker and Morris",الجيزة,2025-01-23,5758.68
P0346,تواليت Around 52 سم,تواليت,796.76,51,"Young, Matthews and Ingram",طنطا,2025-03-25,2390.28
P0347,سيراميك حوائط Too 54 سم,خلاطات,297.46,189,Robinson-Daugherty,طنطا,2025-03-24,594.92
P0348,خلاطات Assume 26 سم,تواليت,1372.0,57,"Williams, Baker and Wilson",الإسكندرية,2025-02-28,1372.0
P0349,أحواض Board 72 سم,بانيوهات,1118.43,25,Butler-Wallace,الإسكندرية,2025-02-13,1118.43
P0350,سيراميك حوائط Just 40 سم,سيراميك أرضيات,1031.41,121,Roberts-Randall,أسيوط,2025-05-15,2062.82
P0351,اكسسوارات Across 56 سم,بانيوهات,535.31,15,Lopez Group,القاهرة,2025-01-17,2676.55
P0352,خلاطات Fast 88 سم,تواليت,1126.21,9,Vincent Inc,الإسكندرية,2025-03-25,4504.84
P0353,اكسسوارات Defense 42 سم,أحواض,1496.18,101,Monroe-Flores,أسيوط,2025-02-28,2992.36
P0354,تواليت Single 57 سم,أحواض,162.51,145,Alexander-Morgan,طنطا,2025-04-08,162.51
P0355,بانيوهات Hot 56 سم,سيراميك أرضيات,1485.28,139,"Ford, Lewis and Williams",طنطا,2025-04-11,5941.12
P0356,خلاطات Either 84 سم,سيراميك أرضيات,518.33,28,Young PLC,الجيزة,2025-02-25,1036.66
P0357,تواليت Base 78 سم,تواليت,497.31,47,"Frederick, Robles and Tucker",القاهرة,2025-03-10,1491.93
P0358,اكسسوارات Anything 57 سم,سيراميك حوائط,1060.44,49,"Farrell, Zimmerman and Owens",الإسكندرية,2025-06-17,5302.2
P0359,اكسسوارات Plant 71 سم,اكسسوارات,727.4,83,"Best, Wheeler and Adams",القاهرة,2025-05-12,2909.6
P0360,تواليت Ground 32 سم,خلاطات,1475.28,122,"Mckay, Wright and Ortega",الجيزة,2025-05-21,2950.56
P0361,أحواض Election 53 سم,سيراميك أرضيات,467.95,192,Reese-Hughes,الجيزة,2025-06-13,1403.85
P0362,بانيوهات Maintain 94 سم,تواليت,923.38,66,Haley LLC,الجيزة,2024-12-20,1846.76
P0363,أحواض Might 35 سم,سيراميك أرضيات,564.19,103,Mcguire and Sons,طنطا,2025-02-04,1692.57
P0364,تواليت Ten 35 سم,تواليت,1386.78,75,Knight LLC,الجيزة,2025-05-12,6933.9
P0365,خلاطات At 48 سم,خلاطات,795.55,116,Stewart-Rogers,طنطا,2025-06-05,2386.65
P0366,سيراميك أرضيات Professional 90 سم,سيراميك أرضيات,1172.42,170,Lewis and Sons,الإسكندرية,2025-05-21,2344.84
P0367,تواليت Operation 96 سم,اكسسوارات,1212.95,134,Dixon-Walker,أسيوط,2025-03-06,6064.75
P0368,تواليت Rule 66 سم,أحواض,1388.28,28,"Anderson, Morgan and Patrick",القاهرة,2025-04-19,6941.4
P0369,سيراميك حوائط Industry 45 سم,سيراميك حوائط,874.49,42,"Wood, Hayden and Mitchell",الجيزة,2025-05-02,4372.45
P0370,سيراميك أرضيات Page 34 سم,تواليت,427.29,149,"Allen, Burns and Ramsey",أسيوط,2025-04-07,427.29
P0371,سيراميك حوائط Political 77 سم,اكسسوارات,225.11,33,Castillo PLC,طنطا,2025-04-12,900.44
P0372,سيراميك أرضيات Need 92 سم,أحواض,904.38,172,Norman-Sharp,الجيزة,2025-03-11,904.38
P0373,سيراميك أرضيات Bill 52 سم,اكسسوارات,154.07,55,Thomas-Smith,طنطا,2025-06-19,154.07
P0374,أحواض Go 74 سم,بانيوهات,1095.52,138,"Pierce, Stanley and Hernandez",القاهرة,2025-02-06,1095.52
P0375,سيراميك أرضيات World 24 سم,بانيوهات,701.97,196,Costa-Pennington,الإسكندرية,2025-03-23,2807.88
P0376,بانيوهات Spring 68 سم,سيراميك أرضيات,1323.99,96,Walton and Sons,أسيوط,2025-02-19,1323.99
P0377,تواليت Purpose 89 سم,خلاطات,1032.27,89,"Ingram, Smith and Diaz",القاهرة,2025-06-01,2064.54
P0378,سيراميك حوائط Team 70 سم,سيراميك حوائط,321.92,57,Castaneda-Williams,القاهرة,2025-02-13,321.92
P0379,بانيوهات Arrive 79 سم,تواليت,1120.78,108,Robbins LLC,طنطا,2025-05-25,4483.12
P0380,اكسسوارات Hour 49 سم,خلاطات,771.84,39,Johnson Ltd,الجيزة,2025-03-03,1543.68
P0381,تواليت Bit 34 سم,أحواض,1242.8,107,"Sanchez, Howard and Melton",طنطا,2025-03-04,1242.8
P0382,خلاطات Stay 46 سم,أحواض,286.21,8,"Taylor, Johns and Weaver",أسيوط,2025-03-11,1431.05
P0383,تواليت Improve 26 سم,خلاطات,1149.73,102,"Armstrong, Key and Duran",أسيوط,2025-03-31,2299.46
P0384,سيراميك حوائط Visit 47 سم,اكسسوارات,1316.04,14,"Campbell, Montes and Summers",الإسكندرية,2025-02-27,6580.2
P0385,بانيوهات Carry 49 سم,اكسسوارات,1387.14,147,"Tate, Woods and Griffith",الجيزة,2025-03-26,6935.7
P0386,سيراميك حوائط Challenge 61 سم,خلاطات,557.38,36,"Jackson, Patel and Booker",طنطا,2025-01-03,1114.76
P0387,سيراميك أرضيات Way 58 سم,بانيوهات,232.29,151,"Garrett, Ortiz and Coleman",الإسكندرية,2025-03-10,929.16
P0388,سيراميك حوائط Sure 83 سم,أحواض,1462.59,164,"Griffin, Duncan and Martin",أسيوط,2025-03-16,7312.95
P0389,بانيوهات Discover 73 سم,سيراميك أرضيات,351.44,96,"Li, Bates and Dixon",الإسكندرية,2025-02-05,1757.2
P0390,سيراميك أرضيات Food 50 سم,اكسسوارات,454.22,181,Evans Inc,الإسكندرية,2025-01-30,1816.88
P0391,أحواض Individual 91 سم,سيراميك أرضيات,1456.51,142,Chambers-Martinez,طنطا,2025-01-05,2913.02
P0392,سيراميك أرضيات Describe 51 سم,بانيوهات,424.5,165,Hudson PLC,القاهرة,2025-03-19,1698.0
P0393,اكسسوارات Even 67 سم,أحواض,873.11,48,"Evans, Beck and Gordon",القاهرة,2025-04-06,2619.33
P0394,سيراميك أرضيات Carry 97 سم,سيراميك حوائط,203.39,18,"Harris, Christensen and Frazier",الإسكندرية,2025-03-13,1016.95
P0395,تواليت Hotel 91 سم,خلاطات,797.18,85,Williams-Brown,الجيزة,2025-03-22,797.18
P0396,خلاطات Cell 44 سم,تواليت,308.38,193,Smith-Walker,أسيوط,2025-04-08,616.76
P0397,تواليت Hope 97 سم,تواليت,426.09,61,"Reese, Price and Moreno",طنطا,2025-02-06,1278.27
P0398,اكسسوارات Generation 56 سم,سيراميك أرضيات,779.44,166,Thompson and Sons,الجيزة,2025-01-23,2338.32
P0399,بانيوهات Culture 66 سم,سيراميك حوائط,1341.8,119,"Miles, Stanley and Martinez",القاهرة,2025-03-05,5367.2
P0400,اكسسوارات Minute 60 سم,خلاطات,650.45,105,"Reynolds, Perry and Oconnor",القاهرة,2025-01-03,3252.25
P0401,اكسسوارات Set 48 سم,تواليت,347.0,66,"King, Gray and Edwards",طنطا,2025-01-28,1735.0
P0402,سيراميك حوائط Lead 73 سم,بانيوهات,355.76,84,Kane-Callahan,الإسكندرية,2025-05-27,1423.04
P0403,سيراميك حوائط Source 51 سم,سيراميك أرضيات,893.37,175,Hurley-Harrison,الجيزة,2025-05-19,2680.11
P0404,اكسسوارات Third 82 سم,تواليت,1016.29,125,"Lambert, Miller and Nelson",أسيوط,2025-04-03,2032.58
P0405,تواليت Campaign 65 سم,خلاطات,338.94,139,Cook LLC,أسيوط,2025-01-10,677.88
P0406,سيراميك حوائط Mind 27 سم,سيراميك حوائط,195.66,19,"Newman, Rivera and Fletcher",القاهرة,2025-06-01,195.66
P0407,سيراميك أرضيات Strong 37 سم,اكسسوارات,1001.45,17,Gonzalez-Parker,الإسكندرية,2025-03-07,1001.45
P0408,خلاطات Themselves 84 سم,سيراميك أرضيات,653.82,158,"Scott, Evans and Bender",طنطا,2025-05-24,2615.28
P0409,تواليت Defense 82 سم,أحواض,158.93,141,"Hogan, Taylor and Smith",أسيوط,2025-03-16,158.93
P0410,أحواض Mind 87 سم,تواليت,520.9,73,"Garcia, Stevenson and Johnson",القاهرة,2025-02-08,2604.5
P0411,اكسسوارات I 75 سم,اكسسوارات,1418.61,45,Daniel PLC,القاهرة,2025-01-22,1418.61
P0412,سيراميك حوائط Heavy 39 سم,خلاطات,409.11,134,Austin-Wade,الجيزة,2024-12-30,1227.33
P0413,بانيوهات Born 70 سم,أحواض,653.62,103,Rodriguez-Huff,أسيوط,2025-06-08,3268.1
P0414,خلاطات Technology 48 سم,بانيوهات,1073.46,20,"Skinner, Johnson and Cummings",القاهرة,2025-01-04,1073.46
P0415,سيراميك أرضيات Force 68 سم,سيراميك أرضيات,896.15,14,"Jenkins, Allen and Schmidt",القاهرة,2025-04-20,1792.3
P0416,أحواض Also 83 سم,اكسسوارات,735.78,200,"Boyle, Chambers and Ross",الجيزة,2025-05-19,3678.9
P0417,اكسسوارات Second 32 سم,سيراميك حوائط,1390.86,58,Walters and Sons,الإسكندرية,2025-04-27,6954.3
P0418,سيراميك أرضيات Capital 54 سم,أحواض,1397.62,175,"Kramer, Wallace and Brewer",الجيزة,2025-05-20,6988.1
P0419,سيراميك حوائط Take 24 سم,خلاطات,1403.83,80,Gomez and Sons,القاهرة,2025-04-13,2807.66
P0420,سيراميك حوائط Money 38 سم,اكسسوارات,1257.93,101,"Lopez, Carter and Warren",القاهرة,2025-03-20,3773.79
P0421,خلاطات Environment 92 سم,خلاطات,915.04,99,Sims Inc,طنطا,2025-01-03,2745.12
P0422,سيراميك أرضيات Find 37 سم,اكسسوارات,1484.45,185,Vasquez Inc,القاهرة,2025-03-31,7422.25
P0423,تواليت Arrive 64 سم,أحواض,281.88,59,"White, Campbell and Moore",القاهرة,2025-02-25,845.64
P0424,سيراميك حوائط Sort 98 سم,سيراميك حوائط,685.55,198,Simmons-Moore,الجيزة,2025-06-04,685.55
P0425,تواليت Defense 54 سم,اكسسوارات,1489.99,125,"Stephens, Campbell and Hill",الإسكندرية,2025-01-13,4469.97
P0426,سيراميك حوائط Recently 68 سم,سيراميك أرضيات,400.75,149,Hines Ltd,أسيوط,2025-05-15,400.75
P0427,اكسسوارات Could 99 سم,بانيوهات,1227.37,182,"Patterson, Reyes and Saunders",القاهرة,2025-03-15,1227.37
P0428,بانيوهات Sing 39 سم,سيراميك أرضيات,1110.76,162,"Banks, Brown and Spencer",الإسكندرية,2025-02-24,4443.04
P0429,بانيوهات Number 66 سم,أحواض,273.55,78,Nguyen Ltd,أسيوط,2025-03-24,820.65
P0430,اكسسوارات Or 54 سم,أحواض,328.88,47,"Fisher, Franklin and Russell",أسيوط,2025-05-17,1315.52
P0431,سيراميك حوائط Democratic 91 سم,سيراميك حوائط,700.86,6,"Rhodes, Fisher and Cardenas",القاهرة,2025-04-03,2102.58
P0432,سيراميك حوائط Writer 31 سم,سيراميك حوائط,957.36,83,Booth-York,أسيوط,2025-01-10,957.36
P0433,بانيوهات Lawyer 72 سم,سيراميك أرضيات,1201.88,185,"Baldwin, Edwards and Gonzalez",طنطا,2025-05-22,2403.76
P0434,سيراميك حوائط Kid 86 سم,خلاطات,1075.18,43,"Lawrence, Hull and Walker",الإسكندرية,2024-12-28,3225.54
P0435,بانيوهات Chance 54 سم,سيراميك أرضيات,347.01,42,Valentine PLC,أسيوط,2025-02-10,1041.03
P0436,سيراميك أرضيات Church 58 سم,سيراميك أرضيات,1206.6,92,Harris-Cole,الجيزة,2025-04-22,2413.2
P0437,تواليت Computer 100 سم,سيراميك أرضيات,951.64,50,Armstrong-Kennedy,أسيوط,2025-03-08,951.64
P0438,خلاطات Five 58 سم,أحواض,1430.91,85,Clark-Richmond,طنطا,2025-04-14,5723.64
P0439,اكسسوارات Full 62 سم,سيراميك أرضيات,601.89,166,Taylor LLC,طنطا,2025-06-04,1203.78
P0440,بانيوهات Less 61 سم,سيراميك حوائط,1428.83,51,Torres-Russell,أسيوط,2025-02-11,4286.49
P0441,خلاطات Bring 70 سم,بانيوهات,543.46,177,Duran Inc,أسيوط,2025-02-27,2717.3
P0442,اكسسوارات Student 51 سم,بانيوهات,657.67,100,Lawrence PLC,الجيزة,2025-03-22,657.67
P0443,سيراميك حوائط Debate 45 سم,سيراميك حوائط,1496.31,46,Pratt PLC,طنطا,2025-06-16,1496.31
P0444,تواليت Above 79 سم,تواليت,433.03,74,Martin-Robinson,القاهرة,2025-06-09,1732.12
P0445,تواليت Group 83 سم,خلاطات,1005.0,61,"Moore, Rogers and Rodriguez",الجيزة,2025-03-23,2010.0
P0446,تواليت Raise 74 سم,اكسسوارات,658.94,114,Tucker-Calderon,طنطا,2025-02-23,2635.76
P0447,سيراميك حوائط Computer 71 سم,سيراميك حوائط,833.93,177,Lyons-Wilson,أسيوط,2025-04-03,4169.65
P0448,أحواض Watch 66 سم,تواليت,1358.93,137,Flores PLC,طنطا,2025-05-08,1358.93
P0449,أحواض Difference 51 سم,تواليت,1047.34,42,Davis-Ali,طنطا,2025-05-30,1047.34
P0450,سيراميك حوائط Alone 71 سم,اكسسوارات,597.66,110,Martin-Chapman,القاهرة,2025-04-05,597.66
P0451,أحواض Relationship 53 سم,خلاطات,839.41,132,Brown Ltd,طنطا,2025-01-12,4197.05
P0452,تواليت National 93 سم,خلاطات,751.8,100,Scott Group,أسيوط,2025-05-20,3759.0
P0453,تواليت Single 84 سم,خلاطات,615.71,6,Campbell Ltd,أسيوط,2025-04-11,615.71
P0454,بانيوهات Vote 73 سم,أحواض,306.69,186,Henderson-Carson,الإسكندرية,2025-01-01,920.07
P0455,بانيوهات Teacher 63 سم,سيراميك أرضيات,1208.76,133,Gibson LLC,أسيوط,2025-04-16,3626.28
P0456,سيراميك أرضيات City 32 سم,سيراميك أرضيات,1124.69,115,Ellis Inc,الجيزة,2025-05-09,1124.69
P0457,بانيوهات Statement 25 سم,اكسسوارات,1109.55,5,"Williams, Winters and Berry",الجيزة,2025-03-02,1109.55
P0458,تواليت Congress 41 سم,تواليت,479.28,44,Saunders and Sons,طنطا,2025-01-08,958.56
P0459,بانيوهات Cup 91 سم,سيراميك أرضيات,1443.92,59,Merritt-Alvarado,أسيوط,2025-04-19,2887.84
P0460,خلاطات Hundred 75 سم,سيراميك أرضيات,189.41,157,"Jackson, Tran and Bell",الإسكندرية,2025-04-11,757.64
P0461,سيراميك حوائط Down 74 سم,سيراميك أرضيات,156.01,54,"Rivers, Diaz and Snyder",الإسكندرية,2025-06-12,468.03
P0462,اكسسوارات Nothing 28 سم,سيراميك حوائط,287.37,137,"Evans, Massey and Morales",الإسكندرية,2025-03-30,862.11
P0463,بانيوهات Sign 45 سم,سيراميك أرضيات,303.84,171,Nunez-Hodges,أسيوط,2025-06-20,1519.2
P0464,تواليت Benefit 60 سم,سيراميك حوائط,674.66,100,Clark-Nichols,طنطا,2025-04-25,674.66
P0465,بانيوهات Strategy 65 سم,اكسسوارات,768.11,44,Long-Smith,الجيزة,2025-04-20,3840.55
P0466,سيراميك حوائط Training 30 سم,تواليت,330.83,30,Nunez PLC,الإسكندرية,2025-01-07,992.49
P0467,أحواض Learn 43 سم,بانيوهات,1086.14,130,Morton Ltd,أسيوط,2025-05-03,4344.56
P0468,سيراميك حوائط Hair 37 سم,سيراميك حوائط,668.01,47,Combs-Webb,أسيوط,2025-02-08,3340.05
P0469,تواليت Nation 42 سم,سيراميك حوائط,375.27,73,Cohen-Guerrero,الإسكندرية,2025-02-25,750.54
P0470,بانيوهات Need 77 سم,سيراميك حوائط,222.38,91,Rogers Ltd,القاهرة,2025-06-18,889.52
P0471,خلاطات Professor 44 سم,اكسسوارات,668.32,143,Duke Inc,طنطا,2025-01-07,2673.28
P0472,سيراميك أرضيات Material 82 سم,سيراميك أرضيات,1108.69,113,Contreras Inc,أسيوط,2025-06-14,2217.38
P0473,أحواض Language 92 سم,أحواض,1224.44,56,"Ellison, Contreras and Randolph",الجيزة,2025-06-13,1224.44
P0474,بانيوهات Even 48 سم,سيراميك حوائط,539.7,199,Dawson PLC,أسيوط,2025-02-18,2698.5
P0475,تواليت Change 83 سم,سيراميك حوائط,839.59,146,Bauer-Thomas,القاهرة,2025-02-23,2518.77
P0476,اكسسوارات Guess 89 سم,اكسسوارات,1487.71,138,"Mills, Hodge and Wilson",القاهرة,2025-06-01,5950.84
P0477,سيراميك حوائط Girl 47 سم,سيراميك أرضيات,288.26,167,Villegas-Edwards,الإسكندرية,2024-12-24,864.78
P0478,اكسسوارات Check 24 سم,سيراميك أرضيات,504.8,22,Meyer Ltd,أسيوط,2025-06-19,504.8
P0479,اكسسوارات Woman 50 سم,خلاطات,1244.45,150,Stein-Smith,الجيزة,2025-06-07,6222.25
P0480,تواليت Wrong 74 سم,خلاطات,981.8,200,Long and Sons,الإسكندرية,2025-01-28,1963.6
P0481,اكسسوارات Same 27 سم,سيراميك حوائط,623.6,71,Salazar-Hernandez,طنطا,2025-03-12,3118.0
P0482,خلاطات Production 61 سم,تواليت,545.06,146,Delgado-Bautista,الجيزة,2025-04-23,2725.3
P0483,تواليت Social 32 سم,خلاطات,1449.74,105,"Miller, Rivera and Chan",القاهرة,2025-01-27,4349.22
P0484,اكسسوارات Claim 36 سم,تواليت,1319.21,63,Smith-Murphy,الإسكندرية,2025-04-30,3957.63
P0485,اكسسوارات My 51 سم,اكسسوارات,1288.8,100,Smith Inc,أسيوط,2025-02-16,2577.6
P0486,سيراميك حوائط So 100 سم,بانيوهات,997.55,96,"Singh, Smith and Stewart",أسيوط,2025-04-06,997.55
P0487,تواليت Stage 31 سم,سيراميك أرضيات,846.08,71,Jackson-Harvey,الجيزة,2025-05-13,3384.32
P0488,سيراميك أرضيات Especially 61 سم,سيراميك حوائط,153.34,198,Davis-Garcia,القاهرة,2025-01-11,613.36
P0489,تواليت Color 65 سم,اكسسوارات,235.5,136,"Jordan, Reed and Smith",أسيوط,2025-05-27,471.0
P0490,سيراميك أرضيات Thought 47 سم,سيراميك أرضيات,512.52,72,"Garcia, Ball and Bowman",الجيزة,2025-05-28,2562.6
P0491,سيراميك حوائط Increase 36 سم,سيراميك حوائط,1300.77,87,"Martin, Reynolds and Morrison",القاهرة,2025-05-13,1300.77
P0492,أحواض Feel 100 سم,اكسسوارات,1279.55,4,Henry Ltd,القاهرة,2025-05-28,2559.1
P0493,سيراميك أرضيات Figure 78 سم,أحواض,1488.98,109,"Patterson, Williams and Walker",الإسكندرية,2025-04-18,2977.96
P0494,تواليت Throughout 58 سم,خلاطات,1330.47,70,Ingram Group,القاهرة,2025-02-18,3991.41
P0495,بانيوهات Move 30 سم,بانيوهات,1047.09,166,Guzman-Moss,الإسكندرية,2025-01-05,1047.09
P0496,سيراميك أرضيات Picture 100 سم,بانيوهات,1130.08,193,Perry-Cross,الإسكندرية,2025-02-09,4520.32
P0497,تواليت Up 31 سم,تواليت,278.5,54,"Johnson, Reyes and Jones",أسيوط,2025-06-18,278.5
P0498,خلاطات Wonder 95 سم,خلاطات,851.25,113,Stewart-Perez,القاهرة,2025-04-11,851.25
P0499,تواليت Draw 63 سم,اكسسوارات,312.8,108,Luna LLC,الإسكندرية,2025-05-27,1251.2
P0500,أحواض Under 49 سم,سيراميك أرضيات,270.6,26,Cruz-Townsend,القاهرة,2025-06-02,811.8
P0501,بانيوهات Consumer 58 سم,خلاطات,666.67,192,Newman-Collins,الإسكندرية,2025-04-26,1333.34
P0502,أحواض Art 87 سم,سيراميك حوائط,161.44,166,Vazquez Ltd,الإسكندرية,2025-04-05,645.76
P0503,بانيوهات Economic 47 سم,تواليت,1160.16,105,Pham PLC,طنطا,2025-05-30,4640.64
P0504,اكسسوارات Fear 47 سم,أحواض,1360.4,35,"Hernandez, Barber and Graves",القاهرة,2025-05-31,6802.0
P0505,تواليت Smile 69 سم,بانيوهات,1450.39,80,Lee Group,الإسكندرية,2025-05-15,2900.78
P0506,بانيوهات Current 30 سم,خلاطات,897.09,153,Harris-Larson,طنطا,2025-02-26,2691.27
P0507,اكسسوارات South 23 سم,اكسسوارات,1293.54,77,"Deleon, George and Reilly",الإسكندرية,2025-03-23,6467.7
P0508,سيراميك حوائط Main 85 سم,خلاطات,1159.59,75,Carter-Barnes,القاهرة,2025-04-06,2319.18
P0509,سيراميك أرضيات Live 69 سم,أحواض,475.46,163,Jones Ltd,طنطا,2025-03-31,475.46
P0510,سيراميك حوائط Include 21 سم,بانيوهات,1410.8,33,"Gibson, Perez and Baker",أسيوط,2024-12-21,7054.0
P0511,سيراميك أرضيات Your 66 سم,سيراميك حوائط,1071.97,195,"Zuniga, Morgan and Hernandez",أسيوط,2025-04-02,1071.97
P0512,أحواض Majority 95 سم,أحواض,168.62,55,Chen Ltd,القاهرة,2025-01-14,168.62
P0513,اكسسوارات Place 70 سم,سيراميك حوائط,536.76,182,"Lester, Nunez and Nelson",طنطا,2025-01-09,2147.04
P0514,سيراميك أرضيات Those 71 سم,أحواض,1014.73,137,"Mathews, Reynolds and Hernandez",طنطا,2025-03-12,2029.46
P0515,بانيوهات Instead 30 سم,بانيوهات,256.68,52,"Bennett, Jordan and Martinez",الإسكندرية,2025-05-03,1283.4
P0516,بانيوهات Bed 70 سم,سيراميك حوائط,1006.3,166,Tanner-Santos,القاهرة,2025-06-16,3018.9
P0517,تواليت Natural 75 سم,تواليت,1437.13,61,"Nelson, Sparks and Quinn",القاهرة,2025-04-05,2874.26
P0518,أحواض Attention 75 سم,أحواض,762.05,155,Vazquez-Jones,القاهرة,2025-02-12,2286.15
P0519,تواليت Kitchen 42 سم,أحواض,167.1,35,"Young, Mccoy and Garner",القاهرة,2025-01-05,334.2
P0520,سيراميك أرضيات Suffer 64 سم,سيراميك حوائط,848.25,184,"Rogers, Reese and Houston",الجيزة,2025-05-17,1696.5
P0521,بانيوهات Or 36 سم,تواليت,1204.52,68,Flores-Oliver,القاهرة,2025-05-19,1204.52
P0522,بانيوهات Would 74 سم,بانيوهات,857.2,67,"Medina, Haas and Smith",طنطا,2025-03-26,857.2
P0523,سيراميك أرضيات Figure 78 سم,سيراميك حوائط,636.17,127,Russell-Harding,طنطا,2025-06-18,1272.34
P0524,بانيوهات Answer 40 سم,بانيوهات,1193.99,146,"Ruiz, Price and Diaz",القاهرة,2025-04-27,2387.98
P0525,تواليت Treatment 85 سم,أحواض,209.45,3,Wang-Sims,الإسكندرية,2025-05-05,209.45
P0526,سيراميك أرضيات Material 66 سم,سيراميك أرضيات,1392.31,45,Young Inc,القاهرة,2025-04-06,6961.55
P0527,اكسسوارات Music 73 سم,خلاطات,584.43,106,Collins Inc,الجيزة,2025-05-01,1753.29
P0528,اكسسوارات More 29 سم,سيراميك حوائط,653.29,128,Jones Inc,القاهرة,2025-01-19,1306.58
P0529,خلاطات Away 86 سم,أحواض,1438.01,17,"Smith, Brown and Mitchell",أسيوط,2024-12-28,4314.03
P0530,اكسسوارات Understand 59 سم,بانيوهات,266.62,116,Fitzgerald-Gray,القاهرة,2025-04-26,799.86
P0531,خلاطات Offer 57 سم,سيراميك حوائط,1209.08,189,Ross Inc,طنطا,2025-05-29,2418.16
P0532,سيراميك أرضيات Picture 67 سم,سيراميك حوائط,1462.01,197,Nichols PLC,الإسكندرية,2025-04-22,7310.05
P0533,اكسسوارات Catch 51 سم,خلاطات,158.61,104,Bradley-Zhang,القاهرة,2025-01-18,317.22
P0534,سيراميك حوائط House 64 سم,تواليت,1283.42,2,Miller LLC,الجيزة,2025-05-20,1283.42
P0535,اكسسوارات Even 68 سم,اكسسوارات,1146.41,78,Freeman Inc,القاهرة,2025-06-04,2292.82
P0536,سيراميك حوائط Act 50 سم,سيراميك أرضيات,814.24,15,"Watts, Cox and Terrell",الإسكندرية,2025-01-10,2442.72
P0537,أحواض Fight 25 سم,خلاطات,1361.34,133,Velez Ltd,أسيوط,2025-01-10,4084.02
P0538,سيراميك أرضيات Director 30 سم,سيراميك حوائط,279.03,34,Powell Ltd,أسيوط,2025-03-11,279.03
P0539,سيراميك حوائط Gun 92 سم,أحواض,737.23,33,"Barker, Rodriguez and Morgan",الإسكندرية,2025-01-30,2211.69
P0540,بانيوهات Policy 60 سم,اكسسوارات,680.49,188,Cohen-Barker,الجيزة,2025-04-06,2041.47
P0541,سيراميك أرضيات Character 54 سم,خلاطات,250.83,51,"Burke, Brandt and Spears",الإسكندرية,2025-04-09,1254.15
P0542,أحواض Religious 39 سم,أحواض,371.91,119,"Smith, Miller and Perry",الجيزة,2025-01-30,1487.64
P0543,أحواض Condition 88 سم,بانيوهات,1452.26,53,Wade and Sons,أسيوط,2025-06-05,4356.78
P0544,سيراميك أرضيات Soldier 53 سم,اكسسوارات,311.88,40,Golden LLC,الجيزة,2025-03-30,1559.4
P0545,أحواض Public 47 سم,اكسسوارات,1306.37,37,Stewart and Sons,القاهرة,2025-03-25,2612.74
P0546,بانيوهات Reflect 70 سم,سيراميك حوائط,216.08,76,Murray-Smith,الجيزة,2025-06-11,432.16
P0547,أحواض Process 71 سم,اكسسوارات,760.47,191,Oneill Inc,طنطا,2025-06-18,1520.94
P0548,أحواض Computer 79 سم,أحواض,1235.26,35,Zavala-Anderson,القاهرة,2025-06-20,1235.26
P0549,أحواض Per 48 سم,خلاطات,417.48,102,Stevenson-Best,الجيزة,2025-01-15,417.48
P0550,سيراميك حوائط Thought 95 سم,بانيوهات,1388.53,19,Ray Group,القاهرة,2025-04-03,1388.53
P0551,خلاطات Still 76 سم,اكسسوارات,323.87,84,"Dixon, Williams and Chavez",القاهرة,2025-05-27,323.87
P0552,سيراميك أرضيات Wall 26 سم,خلاطات,1397.58,110,Owens-Wyatt,أسيوط,2025-02-28,5590.32
P0553,أحواض Us 68 سم,تواليت,726.0,90,Smith-Macias,الإسكندرية,2025-03-23,1452.0
P0554,بانيوهات Oil 55 سم,سيراميك أرضيات,1342.62,8,Pugh Group,طنطا,2025-02-13,6713.1
P0555,سيراميك حوائط Seat 51 سم,تواليت,548.39,105,Goodman-Hall,طنطا,2025-05-06,2193.56
P0556,أحواض Republican 31 سم,بانيوهات,667.07,107,"Pace, Ball and Robinson",الإسكندرية,2025-05-21,3335.35
P0557,خلاطات Quickly 100 سم,اكسسوارات,883.94,4,"Jones, Copeland and Joseph",أسيوط,2025-05-28,2651.82
P0558,سيراميك أرضيات Up 89 سم,اكسسوارات,804.32,144,Blackburn-Newman,طنطا,2025-02-03,2412.96
P0559,سيراميك أرضيات Little 54 سم,خلاطات,185.19,152,Phillips Inc,الإسكندرية,2025-03-01,185.19
P0560,اكسسوارات Financial 55 سم,أحواض,1241.68,120,Mcbride-Vasquez,طنطا,2025-06-15,3725.04
P0561,اكسسوارات Plan 94 سم,خلاطات,1464.87,25,Burns-Wilson,الإسكندرية,2025-06-19,2929.74
P0562,بانيوهات Ball 88 سم,اكسسوارات,1218.17,188,Jimenez and Sons,القاهرة,2025-06-02,2436.34
P0563,سيراميك حوائط Arm 69 سم,بانيوهات,1412.53,44,Berg LLC,الإسكندرية,2025-05-08,2825.06
P0564,سيراميك حوائط Reduce 60 سم,اكسسوارات,1146.44,91,Schroeder Group,طنطا,2025-05-25,1146.44
P0565,تواليت Sea 65 سم,سيراميك حوائط,910.87,144,"Parker, Murray and Hall",الإسكندرية,2025-05-05,3643.48
P0566,سيراميك حوائط Example 59 سم,خلاطات,812.09,23,Martinez-Howard,القاهرة,2025-05-04,1624.18
P0567,سيراميك حوائط Officer 48 سم,أحواض,860.71,0,Maxwell-Randolph,الجيزة,2025-02-19,4303.55
P0568,خلاطات White 36 سم,بانيوهات,1117.87,82,Smith-Scott,القاهرة,2025-05-30,1117.87
P0569,خلاطات Brother 95 سم,تواليت,1388.25,198,Bell-Wallace,القاهرة,2025-02-01,6941.25
P0570,اكسسوارات Event 66 سم,أحواض,654.35,169,Hayes-Mcmillan,أسيوط,2025-01-27,3271.75
P0571,أحواض Everybody 63 سم,بانيوهات,585.51,40,Hart LLC,أسيوط,2025-03-13,2342.04
P0572,تواليت Time 60 سم,خلاطات,1104.7,143,Bradshaw-Hunter,طنطا,2025-01-23,3314.1
P0573,خلاطات Generation 95 سم,اكسسوارات,386.72,78,"Chandler, Bush and Wong",الجيزة,2024-12-23,773.44
P0574,خلاطات Best 20 سم,تواليت,1430.74,100,"Rodriguez, Fox and Durham",طنطا,2025-06-18,1430.74
P0575,خلاطات Not 97 سم,بانيوهات,1393.4,156,"Brown, Coleman and Parks",الإسكندرية,2025-05-06,6967.0
P0576,أحواض Attack 83 سم,خلاطات,597.08,19,"Williams, Fischer and Hines",الإسكندرية,2025-06-09,1791.24
P0577,بانيوهات Human 41 سم,تواليت,1345.18,22,Haynes-Harrison,الجيزة,2025-04-15,5380.72
P0578,أحواض Reduce 53 سم,خلاطات,486.88,17,Wells-Wallace,الجيزة,2025-01-28,1460.64
P0579,اكسسوارات Capital 33 سم,تواليت,151.73,98,Taylor and Sons,أسيوط,2025-01-23,606.92
P0580,خلاطات Next 72 سم,سيراميك أرضيات,1340.39,89,White Ltd,طنطا,2024-12-20,5361.56
P0581,أحواض Responsibility 81 سم,اكسسوارات,1316.47,166,"Kim, Howe and Gomez",الإسكندرية,2025-02-03,2632.94
P0582,سيراميك أرضيات Skill 29 سم,اكسسوارات,1291.78,75,Evans-Guzman,القاهرة,2025-02-03,3875.34
P0583,بانيوهات Represent 33 سم,أحواض,611.44,96,Lane Group,الإسكندرية,2025-03-04,611.44
P0584,سيراميك حوائط Work 31 سم,بانيوهات,951.94,157,Armstrong and Sons,أسيوط,2025-01-27,951.94
P0585,سيراميك أرضيات Thus 41 سم,سيراميك حوائط,1351.17,40,Sharp-Willis,القاهرة,2025-03-15,1351.17
P0586,بانيوهات But 46 سم,خلاطات,702.53,141,Mckinney PLC,طنطا,2025-05-29,2107.59
P0587,تواليت Life 56 سم,بانيوهات,470.69,12,"Lopez, Schmidt and Gonzales",أسيوط,2025-01-06,2353.45
P0588,سيراميك حوائط Happen 82 سم,خلاطات,223.58,0,Luna-Wiley,أسيوط,2025-03-31,223.58
P0589,بانيوهات Explain 100 سم,سيراميك حوائط,798.44,24,Andrews-Williams,القاهرة,2025-05-17,1596.88
P0590,خلاطات Case 57 سم,أحواض,789.32,29,Carr Group,الجيزة,2025-01-03,3157.28
P0591,سيراميك أرضيات Prepare 82 سم,تواليت,507.76,164,Callahan-Jones,طنطا,2025-02-02,2031.04
P0592,خلاطات Each 67 سم,سيراميك أرضيات,648.69,114,Jenkins LLC,القاهرة,2025-05-23,1946.07
P0593,سيراميك أرضيات Fast 79 سم,بانيوهات,455.43,68,Bush-Diaz,طنطا,2025-03-22,455.43
P0594,خلاطات Become 32 سم,أحواض,1051.99,138,"Dyer, Reynolds and Christian",أسيوط,2025-04-05,5259.95
P0595,خلاطات From 90 سم,أحواض,1285.08,133,"Marshall, Carlson and Miles",أسيوط,2025-04-07,6425.4
P0596,تواليت Sit 80 سم,سيراميك حوائط,1340.23,121,"Vega, Martin and Snyder",الجيزة,2025-04-01,1340.23
P0597,سيراميك أرضيات Head 24 سم,سيراميك حوائط,921.15,132,Davenport-Snyder,طنطا,2025-03-23,4605.75
P0598,خلاطات Offer 35 سم,اكسسوارات,756.2,42,"Jackson, Spencer and Pacheco",الإسكندرية,2025-05-17,1512.4
P0599,خلاطات Determine 25 سم,سيراميك أرضيات,255.8,174,"Dalton, Thornton and Tran",أسيوط,2025-01-16,511.6
P0600,اكسسوارات Girl 100 سم,خلاطات,1276.05,66,"Moore, Wells and Murray",الجيزة,2025-05-30,1276.05
P0601,أحواض Election 69 سم,سيراميك حوائط,686.43,83,Jones-Wood,الجيزة,2025-03-02,3432.15
P0602,سيراميك أرضيات Beat 21 سم,اكسسوارات,1095.56,150,"Mullen, Black and Gray",طنطا,2025-05-15,4382.24
P0603,أحواض Early 73 سم,خلاطات,350.07,150,Medina Group,طنطا,2025-03-16,350.07
P0604,أحواض Including 92 سم,اكسسوارات,286.34,73,George Group,طنطا,2025-01-18,859.02
P0605,سيراميك أرضيات Foreign 53 سم,سيراميك أرضيات,1033.96,146,Duran-Lee,طنطا,2025-06-02,4135.84
P0606,أحواض Change 42 سم,بانيوهات,694.01,158,"Nelson, Soto and Rhodes",طنطا,2025-03-15,2776.04
P0607,أحواض Participant 70 سم,بانيوهات,1082.19,12,Snyder LLC,أسيوط,2025-02-27,3246.57
P0608,بانيوهات Little 22 سم,بانيوهات,1253.47,77,Dunn-Wright,الجيزة,2024-12-31,3760.41
P0609,اكسسوارات Be 82 سم,اكسسوارات,1089.85,25,"Barber, Glover and Taylor",الإسكندرية,2025-03-07,2179.7
P0610,بانيوهات History 76 سم,اكسسوارات,1264.86,68,Alvarez-Walter,أسيوط,2025-01-05,6324.3
P0611,تواليت Conference 31 سم,خلاطات,746.32,104,"Ellis, Jacobson and Mendoza",أسيوط,2025-04-20,3731.6
P0612,اكسسوارات Data 67 سم,اكسسوارات,225.88,40,Davis-Conrad,القاهرة,2025-01-18,677.64
P0613,تواليت Issue 84 سم,سيراميك أرضيات,333.13,134,Chambers-Thomas,طنطا,2025-03-22,333.13
P0614,خلاطات Trouble 44 سم,اكسسوارات,420.98,14,"Johnson, Hughes and Bryant",الإسكندرية,2024-12-20,420.98
P0615,سيراميك أرضيات About 26 سم,بانيوهات,1101.26,70,"Dunn, Morse and Torres",الجيزة,2025-06-07,4405.04
P0616,سيراميك حوائط Various 70 سم,تواليت,1396.15,174,Black-Burch,القاهرة,2025-03-24,2792.3
P0617,بانيوهات Fire 82 سم,سيراميك حوائط,752.24,121,"Holmes, Williams and Randall",طنطا,2025-04-20,3761.2
P0618,بانيوهات Professor 64 سم,خلاطات,1280.83,66,Norris Inc,القاهرة,2025-04-18,3842.49
P0619,أحواض Generation 69 سم,أحواض,369.92,146,"Smith, Cantu and Fletcher",الإسكندرية,2025-04-01,739.84
P0620,تواليت Center 48 سم,تواليت,429.09,166,Mendez and Sons,أسيوط,2025-03-07,2145.45
P0621,أحواض Loss 21 سم,سيراميك أرضيات,1380.55,165,Griffin PLC,الإسكندرية,2025-03-05,6902.75
P0622,اكسسوارات Could 21 سم,خلاطات,490.73,78,Smith Group,الجيزة,2025-01-30,1962.92
P0623,سيراميك أرضيات Lay 64 سم,سيراميك أرضيات,490.2,119,"Gillespie, Cantu and Hancock",الجيزة,2025-02-15,2451.0
P0624,اكسسوارات Pass 99 سم,سيراميك أرضيات,939.06,1,King LLC,طنطا,2025-02-27,2817.18
P0625,سيراميك حوائط Deal 96 سم,سيراميك حوائط,531.61,175,Brown-Gonzales,القاهرة,2024-12-26,2126.44
P0626,أحواض Hundred 63 سم,بانيوهات,1014.8,70,Wiley and Sons,الجيزة,2025-04-20,3044.4
P0627,خلاطات Court 39 سم,سيراميك حوائط,1183.39,14,Stokes-Archer,طنطا,2025-04-26,4733.56
P0628,تواليت Weight 60 سم,تواليت,338.9,6,Mcclain-Collins,أسيوط,2025-02-15,1016.7
P0629,بانيوهات Indeed 73 سم,سيراميك أرضيات,674.17,9,Myers-Aguirre,طنطا,2024-12-30,3370.85
P0630,اكسسوارات You 44 سم,بانيوهات,1130.84,56,"Brown, Banks and Kelley",طنطا,2025-01-07,4523.36
P0631,تواليت Young 65 سم,سيراميك حوائط,555.26,43,Andrews Ltd,طنطا,2025-06-04,1110.52
P0632,بانيوهات Listen 32 سم,سيراميك أرضيات,322.72,66,Reyes-Thompson,طنطا,2025-04-30,645.44
P0633,تواليت Place 62 سم,تواليت,270.55,90,Ford-Dixon,الإسكندرية,2025-02-17,811.65
P0634,سيراميك أرضيات Degree 62 سم,بانيوهات,501.75,75,"Hernandez, Gilmore and Ferrell",أسيوط,2025-04-22,501.75
P0635,سيراميك أرضيات Despite 26 سم,اكسسوارات,1006.44,148,Green PLC,طنطا,2025-04-25,1006.44
P0636,سيراميك أرضيات Leader 44 سم,سيراميك حوائط,311.75,174,"Terry, Anderson and Romero",أسيوط,2025-03-05,1558.75
P0637,بانيوهات Stage 72 سم,أحواض,1325.65,38,"Campbell, Spencer and Willis",الإسكندرية,2025-02-22,2651.3
P0638,بانيوهات Trial 72 سم,سيراميك حوائط,1355.34,117,Brewer-Ellis,الإسكندرية,2025-06-09,4066.02
P0639,اكسسوارات Soldier 43 سم,اكسسوارات,259.1,85,Frye Inc,الإسكندرية,2024-12-30,777.3
P0640,تواليت Up 27 سم,أحواض,760.27,53,Brooks PLC,الإسكندرية,2025-03-26,3801.35
P0641,اكسسوارات Sure 40 سم,سيراميك أرضيات,1210.03,199,Gonzalez-Villegas,القاهرة,2025-01-22,2420.06
P0642,سيراميك حوائط Conference 75 سم,تواليت,729.7,109,"Campbell, Torres and Holland",أسيوط,2025-05-23,2918.8
P0643,أحواض Course 24 سم,سيراميك حوائط,419.21,95,Ferguson LLC,القاهرة,2025-03-20,1257.63
P0644,اكسسوارات Action 87 سم,خلاطات,174.19,1,Jackson Ltd,الإسكندرية,2025-04-13,348.38
P0645,تواليت Something 64 سم,بانيوهات,324.06,98,"Mendez, Winters and Reed",طنطا,2025-02-17,1620.3
P0646,بانيوهات Arrive 41 سم,أحواض,1262.19,76,"Jones, Woods and Jones",الجيزة,2025-04-10,5048.76
P0647,تواليت Will 86 سم,سيراميك حوائط,857.56,111,"Franklin, Johnson and Mata",الإسكندرية,2025-01-29,2572.68
P0648,سيراميك أرضيات Receive 65 سم,اكسسوارات,404.38,103,Meyer-Banks,القاهرة,2025-05-18,808.76
P0649,خلاطات Social 36 سم,خلاطات,1141.0,150,Richardson-Zhang,طنطا,2025-05-14,2282.0
P0650,أحواض Perhaps 66 سم,تواليت,1028.23,9,Martin LLC,أسيوط,2025-01-24,3084.69
P0651,اكسسوارات Sound 88 سم,سيراميك حوائط,215.59,12,Ward-Smith,القاهرة,2024-12-25,215.59
P0652,أحواض City 34 سم,سيراميك أرضيات,749.82,31,"Rice, Hall and Weber",طنطا,2025-03-02,2249.46
P0653,سيراميك أرضيات Indicate 39 سم,خلاطات,1088.51,161,"Ray, Vincent and Stephens",القاهرة,2025-04-21,3265.53
P0654,سيراميك أرضيات Pull 32 سم,تواليت,852.42,159,Thomas Group,طنطا,2025-04-01,1704.84
P0655,سيراميك أرضيات National 33 سم,سيراميك حوائط,1120.33,30,"Hall, Bradley and Jacobs",الجيزة,2025-05-25,1120.33
P0656,اكسسوارات Live 33 سم,سيراميك أرضيات,418.17,51,Morris-Stevens,الجيزة,2025-03-14,2090.85
P0657,خلاطات Activity 65 سم,تواليت,703.17,41,"Lopez, Whitehead and Banks",القاهرة,2025-05-07,3515.85
P0658,سيراميك أرضيات Find 46 سم,تواليت,1409.72,84,"Washington, Reed and Smith",الإسكندرية,2025-03-04,1409.72
P0659,أحواض Decision 31 سم,أحواض,1277.56,171,Clark-Bell,أسيوط,2025-06-11,2555.12
P0660,أحواض Go 85 سم,أحواض,1126.81,25,"Alexander, Lopez and Simmons",الجيزة,2025-06-17,2253.62
P0661,سيراميك أرضيات Chair 57 سم,بانيوهات,776.77,25,Smith-Gonzales,الإسكندرية,2025-04-15,776.77
P0662,اكسسوارات Compare 57 سم,بانيوهات,1232.15,80,Strickland PLC,أسيوط,2025-04-24,1232.15
P0663,أحواض Husband 25 سم,أحواض,1300.2,169,Lee-Branch,الإسكندرية,2025-05-22,3900.6
P0664,بانيوهات Study 76 سم,سيراميك حوائط,512.22,187,"Bates, Shields and Frank",القاهرة,2025-02-24,1536.66
P0665,اكسسوارات Glass 63 سم,خلاطات,303.67,102,"Tran, Edwards and Smith",أسيوط,2025-01-11,911.01
P0666,اكسسوارات Hour 69 سم,تواليت,1298.41,107,Bailey Inc,الإسكندرية,2025-04-04,1298.41
P0667,خلاطات Reveal 27 سم,اكسسوارات,365.18,106,Parker PLC,طنطا,2025-04-20,1460.72
P0668,اكسسوارات Community 92 سم,تواليت,741.52,156,Hill-Jones,أسيوط,2025-05-17,2224.56
P0669,سيراميك حوائط Card 23 سم,اكسسوارات,1074.03,186,Young PLC,الإسكندرية,2024-12-20,4296.12
P0670,سيراميك أرضيات Sit 34 سم,سيراميك أرضيات,744.93,16,"Wilson, Schultz and Fleming",الجيزة,2025-05-10,2234.79
P0671,أحواض Same 87 سم,اكسسوارات,1153.89,185,Barber PLC,طنطا,2025-04-03,2307.78
P0672,تواليت Do 63 سم,سيراميك حوائط,856.19,179,Buck Group,طنطا,2025-06-09,856.19
P0673,سيراميك أرضيات Candidate 51 سم,سيراميك أرضيات,616.76,173,"Lopez, Smith and Rivera",أسيوط,2025-03-06,1233.52
P0674,اكسسوارات Write 91 سم,سيراميك حوائط,223.66,164,"Salinas, Burns and Washington",الإسكندرية,2025-05-16,1118.3
P0675,اكسسوارات Policy 80 سم,اكسسوارات,819.38,42,Hanson Group,القاهرة,2025-01-27,3277.52
P0676,بانيوهات Throw 50 سم,بانيوهات,1459.7,12,Kaufman-Smith,طنطا,2025-04-28,2919.4
P0677,سيراميك حوائط Politics 68 سم,سيراميك أرضيات,1253.09,20,Rodriguez Group,أسيوط,2024-12-26,5012.36
P0678,اكسسوارات One 93 سم,سيراميك أرضيات,268.83,127,Mcfarland LLC,أسيوط,2025-02-14,806.49
P0679,أحواض Behind 83 سم,تواليت,1032.05,26,Pearson-Johnson,أسيوط,2025-04-19,4128.2
P0680,أحواض Add 91 سم,سيراميك حوائط,150.23,23,Irwin Group,طنطا,2025-02-10,751.15
P0681,تواليت Heart 58 سم,سيراميك حوائط,909.15,167,Jones Group,أسيوط,2024-12-22,2727.45
P0682,بانيوهات Evidence 26 سم,اكسسوارات,450.94,116,"Hughes, Moore and Waters",الجيزة,2025-05-17,2254.7
P0683,اكسسوارات Training 99 سم,سيراميك حوائط,788.73,168,Tran-Ross,الجيزة,2025-04-13,3154.92
P0684,أحواض It 32 سم,اكسسوارات,1039.53,0,Smith-Moore,الجيزة,2025-04-16,3118.59
P0685,اكسسوارات Manage 57 سم,سيراميك حوائط,854.68,179,Zhang-Smith,القاهرة,2025-03-30,854.68
P0686,خلاطات Loss 83 سم,خلاطات,1259.48,190,Tanner-Baird,أسيوط,2024-12-23,1259.48
P0687,بانيوهات Charge 98 سم,خلاطات,403.18,100,"Hall, Montoya and Doyle",الإسكندرية,2025-05-05,1612.72
P0688,اكسسوارات Field 44 سم,تواليت,606.21,193,"Nelson, Buchanan and Pitts",أسيوط,2025-04-29,606.21
P0689,تواليت Physical 95 سم,أحواض,1192.4,115,"Gentry, Walker and Cook",أسيوط,2025-06-09,5962.0
P0690,سيراميك حوائط Our 37 سم,سيراميك أرضيات,155.86,188,"Barrera, Chambers and Rodriguez",القاهرة,2024-12-24,779.3
P0691,سيراميك أرضيات Push 94 سم,سيراميك أرضيات,1397.9,199,"Henderson, Adams and Bennett",الإسكندرية,2025-06-20,6989.5
P0692,خلاطات Possible 36 سم,أحواض,673.0,153,"Wright, Williams and Liu",طنطا,2025-06-05,2019.0
P0693,سيراميك حوائط Record 69 سم,سيراميك أرضيات,1472.33,177,Butler PLC,الإسكندرية,2025-05-04,4416.99
P0694,سيراميك أرضيات Mind 63 سم,بانيوهات,761.34,34,"Johnson, Wilson and Watts",الإسكندرية,2025-05-13,3045.36
P0695,سيراميك حوائط Factor 85 سم,بانيوهات,1288.15,140,Spence-Ray,الجيزة,2025-02-11,6440.75
P0696,تواليت Light 47 سم,خلاطات,433.11,182,Goodwin-Noble,الجيزة,2025-01-15,1299.33
P0697,تواليت Church 36 سم,تواليت,1027.62,45,Castillo PLC,طنطا,2025-03-11,5138.1
P0698,تواليت Receive 61 سم,تواليت,305.8,90,Warren LLC,طنطا,2025-01-26,1223.2
P0699,سيراميك حوائط Miss 93 سم,تواليت,1108.67,172,Hernandez Inc,طنطا,2025-02-20,3326.01
P0700,اكسسوارات Player 74 سم,اكسسوارات,167.24,27,Meyer-Walton,القاهرة,2025-06-17,668.96
P0701,خلاطات School 26 سم,تواليت,226.42,68,Foster-Esparza,الإسكندرية,2025-05-13,679.26
P0702,تواليت Carry 52 سم,خلاطات,1283.17,176,Green Ltd,الجيزة,2025-02-26,2566.34
P0703,اكسسوارات To 89 سم,أحواض,634.22,115,Goodwin-Jones,القاهرة,2025-04-12,3171.1
P0704,اكسسوارات Almost 91 سم,اكسسوارات,452.81,165,Woods-Rodriguez,طنطا,2025-05-15,1811.24
P0705,خلاطات Paper 85 سم,اكسسوارات,1225.73,178,Welch-Baxter,الجيزة,2025-06-01,1225.73
P0706,سيراميك أرضيات Type 69 سم,سيراميك أرضيات,1441.55,175,"Jordan, Davis and Roberts",الجيزة,2025-05-24,7207.75
P0707,أحواض Baby 21 سم,تواليت,489.31,158,Moore-Burton,أسيوط,2025-04-30,978.62
P0708,تواليت Note 67 سم,اكسسوارات,944.32,189,"French, Schwartz and Miller",طنطا,2024-12-26,1888.64
P0709,اكسسوارات Statement 44 سم,بانيوهات,755.9,174,Jones and Sons,القاهرة,2025-01-01,1511.8
P0710,خلاطات After 85 سم,أحواض,659.22,109,"Bailey, Carrillo and Reyes",الجيزة,2025-03-26,3296.1
P0711,بانيوهات Rise 36 سم,خلاطات,938.38,65,Gray-Johnson,القاهرة,2025-04-10,2815.14
P0712,سيراميك أرضيات Himself 39 سم,أحواض,357.5,82,Colon and Sons,طنطا,2025-01-27,357.5
P0713,اكسسوارات Direction 100 سم,سيراميك حوائط,1288.24,77,"Simpson, Taylor and Norman",أسيوط,2025-03-03,6441.2
P0714,سيراميك حوائط Foot 65 سم,أحواض,1208.44,81,Davis Inc,طنطا,2024-12-28,2416.88
P0715,خلاطات Cell 86 سم,أحواض,1211.45,40,"Beck, Hicks and Sharp",أسيوط,2025-04-23,6057.25
P0716,سيراميك حوائط Threat 71 سم,أحواض,621.69,54,Harris-Johnson,الجيزة,2025-06-05,1865.07
P0717,بانيوهات Possible 57 سم,خلاطات,1432.92,158,Snow-Harris,طنطا,2024-12-26,5731.68
P0718,سيراميك حوائط Quality 21 سم,أحواض,1053.07,114,Montgomery PLC,الإسكندرية,2025-04-23,5265.35
P0719,سيراميك حوائط Social 51 سم,أحواض,1071.44,82,"Clayton, Howell and Saunders",أسيوط,2025-03-03,1071.44
P0720,سيراميك أرضيات Be 52 سم,سيراميك حوائط,1127.37,6,Davis LLC,طنطا,2024-12-26,3382.11
P0721,سيراميك حوائط Himself 85 سم,سيراميك أرضيات,807.19,75,King LLC,الإسكندرية,2025-05-22,2421.57
P0722,سيراميك حوائط His 30 سم,أحواض,375.98,197,"Reyes, Boyer and Strong",طنطا,2025-03-17,1879.9
P0723,أحواض Owner 100 سم,أحواض,434.55,161,Smith-Durham,الإسكندرية,2025-02-07,1738.2
P0724,اكسسوارات Ability 33 سم,خلاطات,875.97,179,Wagner Ltd,أسيوط,2025-04-17,875.97
P0725,تواليت Standard 39 سم,أحواض,769.95,84,Kelly-Perry,القاهرة,2025-06-14,769.95
P0726,أحواض Concern 26 سم,خلاطات,1222.19,142,"Rivera, Mccoy and Long",القاهرة,2025-01-23,6110.95
P0727,اكسسوارات Experience 49 سم,بانيوهات,700.3,115,"Kim, Butler and Dodson",أسيوط,2025-05-22,2801.2
P0728,بانيوهات Nothing 22 سم,سيراميك أرضيات,1058.95,136,"Conley, Sullivan and Bryant",القاهرة,2025-05-12,5294.75
P0729,أحواض Else 94 سم,أحواض,1096.19,18,"Bailey, Miller and Greene",الجيزة,2025-04-21,5480.95
P0730,أحواض Fund 57 سم,اكسسوارات,1075.94,155,"Hernandez, Williamson and Jackson",القاهرة,2024-12-31,3227.82
P0731,اكسسوارات Entire 76 سم,سيراميك أرضيات,683.4,169,Woodward-Peterson,القاهرة,2025-01-03,2733.6
P0732,خلاطات Member 88 سم,خلاطات,334.11,100,Martinez-Bell,طنطا,2025-04-03,1002.33
P0733,تواليت Course 38 سم,بانيوهات,1064.34,186,Lewis-Jones,الجيزة,2025-05-17,1064.34
P0734,سيراميك حوائط Add 91 سم,خلاطات,316.37,1,Lewis LLC,طنطا,2025-04-24,1581.85
P0735,سيراميك أرضيات Use 88 سم,سيراميك حوائط,1428.42,78,Smith-Gregory,الإسكندرية,2025-01-18,4285.26
P0736,خلاطات Size 72 سم,تواليت,1299.47,36,"Ray, Martin and Nolan",الإسكندرية,2025-06-13,2598.94
P0737,خلاطات Brother 98 سم,اكسسوارات,491.2,29,"Higgins, Mason and Taylor",الإسكندرية,2025-03-18,2456.0
P0738,اكسسوارات South 26 سم,اكسسوارات,1163.91,140,"Murphy, Young and Larson",أسيوط,2025-01-24,5819.55
P0739,أحواض Important 57 سم,تواليت,240.94,25,"Jennings, Riddle and Reyes",الإسكندرية,2025-02-01,1204.7
P0740,سيراميك أرضيات Effect 62 سم,بانيوهات,323.09,167,Marquez-Wagner,الإسكندرية,2025-04-06,323.09
P0741,بانيوهات Treatment 99 سم,أحواض,1365.16,81,Jackson Group,أسيوط,2025-06-03,5460.64
P0742,بانيوهات Instead 98 سم,تواليت,562.66,149,Pena PLC,الإسكندرية,2025-02-05,2813.3
P0743,سيراميك حوائط Democrat 66 سم,اكسسوارات,577.05,109,Walker-Coleman,الإسكندرية,2025-05-14,577.05
P0744,بانيوهات Color 51 سم,اكسسوارات,449.06,189,Williams-Hartman,أسيوط,2025-04-03,1347.18
P0745,اكسسوارات Eat 66 سم,خلاطات,1067.43,84,Hunter-Myers,أسيوط,2025-02-18,4269.72
P0746,سيراميك أرضيات Eye 65 سم,اكسسوارات,562.39,141,Lindsey-Gross,القاهرة,2025-05-28,1124.78
P0747,تواليت Play 97 سم,أحواض,1286.42,35,"Frye, Parks and Wilcox",طنطا,2025-01-10,2572.84
P0748,بانيوهات A 100 سم,أحواض,1132.02,4,Foster-Alexander,طنطا,2025-06-17,1132.02
P0749,اكسسوارات Structure 94 سم,سيراميك حوائط,696.93,151,"Jackson, Valdez and Reed",الإسكندرية,2025-02-13,696.93
P0750,سيراميك حوائط Tough 53 سم,سيراميك حوائط,1356.88,138,Mcmillan LLC,أسيوط,2025-02-22,2713.76
P0751,بانيوهات Difference 70 سم,خلاطات,1353.44,150,Wise Inc,الجيزة,2025-05-03,2706.88
P0752,سيراميك أرضيات Institution 84 سم,سيراميك حوائط,272.25,93,Mitchell-Petty,طنطا,2025-04-09,272.25
P0753,تواليت Act 50 سم,اكسسوارات,1451.4,157,"Reed, Parker and Lopez",الإسكندرية,2025-03-25,7257.0
P0754,خلاطات Site 77 سم,خلاطات,391.85,144,"Garrett, Strong and Ross",الإسكندرية,2025-05-31,1567.4
P0755,بانيوهات Seat 25 سم,خلاطات,1177.99,59,Shaw LLC,القاهرة,2025-01-23,3533.97
P0756,بانيوهات Agree 49 سم,أحواض,1052.59,132,Williams PLC,الجيزة,2025-05-14,4210.36
P0757,سيراميك أرضيات Third 78 سم,أحواض,203.87,166,Jennings-King,الجيزة,2025-01-06,203.87
P0758,تواليت Bank 86 سم,تواليت,1270.02,189,Valdez Ltd,الجيزة,2025-03-16,6350.1
P0759,سيراميك حوائط Collection 92 سم,خلاطات,658.49,96,"Cochran, Martinez and Beltran",الجيزة,2025-01-03,3292.45
P0760,تواليت Form 29 سم,سيراميك حوائط,489.64,57,"Stanley, Brown and Martin",طنطا,2025-03-20,1958.56
P0761,بانيوهات Cost 64 سم,سيراميك أرضيات,1220.09,154,Williams-Smith,القاهرة,2025-05-25,6100.45
P0762,خلاطات For 76 سم,خلاطات,460.49,131,"Stanley, Aguilar and Turner",الجيزة,2025-04-24,920.98
P0763,خلاطات Range 43 سم,خلاطات,639.0,183,Davis-Pratt,القاهرة,2025-03-31,1278.0
P0764,سيراميك أرضيات Network 62 سم,تواليت,303.01,172,"Shields, Jacobson and Munoz",أسيوط,2025-04-11,1212.04
P0765,خلاطات Film 95 سم,خلاطات,1023.8,105,"Martin, Castaneda and Rodriguez",القاهرة,2025-02-26,2047.6
P0766,أحواض Control 36 سم,سيراميك حوائط,949.67,34,King Inc,طنطا,2025-02-22,949.67
P0767,سيراميك حوائط Finish 38 سم,أحواض,374.56,46,Anderson-Kim,طنطا,2025-05-25,1498.24
P0768,سيراميك حوائط Least 92 سم,تواليت,175.14,184,"Jackson, Anderson and Garcia",الجيزة,2025-03-10,175.14
P0769,خلاطات Law 77 سم,سيراميك حوائط,1490.25,123,"Bryant, Francis and Haney",الإسكندرية,2025-03-21,2980.5
P0770,اكسسوارات Behind 72 سم,سيراميك حوائط,342.66,149,"Soto, Moore and Tate",الإسكندرية,2025-01-18,1713.3
P0771,تواليت Just 85 سم,بانيوهات,376.42,175,Riley Inc,الجيزة,2025-03-08,1505.68
P0772,سيراميك حوائط I 95 سم,أحواض,460.25,98,Conley LLC,الإسكندرية,2025-05-23,460.25
P0773,أحواض Future 45 سم,سيراميك حوائط,1310.45,129,"Mclaughlin, Liu and Bishop",أسيوط,2025-05-29,2620.9
P0774,سيراميك حوائط School 32 سم,خلاطات,792.42,157,"Williams, Johns and Todd",طنطا,2025-05-20,792.42
P0775,اكسسوارات Her 88 سم,سيراميك حوائط,1165.72,23,Boyd-Mitchell,أسيوط,2025-06-19,2331.44
P0776,سيراميك حوائط State 89 سم,اكسسوارات,151.62,198,Flores Ltd,أسيوط,2024-12-24,758.1
P0777,سيراميك أرضيات Case 67 سم,اكسسوارات,208.64,135,Anderson-Ramos,أسيوط,2025-03-02,417.28
P0778,اكسسوارات Everyone 81 سم,اكسسوارات,1187.71,89,Richards-Morgan,طنطا,2025-01-20,5938.55
P0779,أحواض Wrong 74 سم,خلاطات,493.6,196,"Morris, Chung and Dunn",الإسكندرية,2025-01-10,493.6
P0780,بانيوهات Happy 96 سم,سيراميك حوائط,701.67,48,Baird Group,القاهرة,2025-05-31,701.67
P0781,سيراميك حوائط Wonder 86 سم,أحواض,851.68,96,"Thompson, Stafford and Nelson",الإسكندرية,2025-01-20,2555.04
P0782,سيراميك أرضيات Even 66 سم,أحواض,358.95,166,"Elliott, Hays and Cunningham",طنطا,2025-03-30,1076.85
P0783,بانيوهات Want 88 سم,سيراميك أرضيات,912.3,156,"Hensley, Austin and Ross",الجيزة,2025-03-16,3649.2
P0784,اكسسوارات Fall 46 سم,سيراميك أرضيات,895.34,142,Stevenson-Gutierrez,أسيوط,2025-02-10,1790.68
P0785,بانيوهات Again 91 سم,سيراميك حوائط,803.08,78,Blair-Gutierrez,طنطا,2025-05-10,2409.24
P0786,اكسسوارات Former 70 سم,تواليت,336.39,168,Martin LLC,القاهرة,2025-02-03,672.78
P0787,سيراميك أرضيات Network 40 سم,أحواض,439.52,102,Shaw-Tucker,الجيزة,2025-02-06,2197.6
P0788,سيراميك حوائط Analysis 26 سم,خلاطات,675.29,162,Thomas-Hernandez,القاهرة,2025-05-21,675.29
P0789,اكسسوارات Challenge 38 سم,سيراميك أرضيات,1399.91,111,Davis PLC,القاهرة,2025-02-03,1399.91
P0790,بانيوهات Manager 48 سم,بانيوهات,258.05,9,"Moyer, Carpenter and Diaz",أسيوط,2025-06-08,1032.2
P0791,سيراميك حوائط But 86 سم,بانيوهات,1110.67,152,Phillips PLC,القاهرة,2025-02-18,2221.34
P0792,تواليت Central 83 سم,سيراميك أرضيات,164.46,168,Gonzalez Inc,طنطا,2025-04-23,493.38
P0793,خلاطات Them 24 سم,اكسسوارات,959.35,132,Martinez LLC,الإسكندرية,2024-12-26,4796.75
P0794,خلاطات Energy 24 سم,بانيوهات,473.0,0,Ramirez LLC,الإسكندرية,2025-04-03,473.0
P0795,بانيوهات Born 71 سم,بانيوهات,1054.04,103,"Glass, Weaver and Jenkins",طنطا,2025-05-30,2108.08
P0796,سيراميك حوائط Decade 21 سم,تواليت,1099.89,23,Cook PLC,طنطا,2025-04-02,3299.67
P0797,تواليت Let 91 سم,سيراميك حوائط,619.93,70,Blake Inc,الإسكندرية,2025-06-11,3099.65
P0798,خلاطات Performance 78 سم,سيراميك أرضيات,926.12,66,Ramirez Inc,الإسكندرية,2025-04-28,3704.48
P0799,سيراميك حوائط Across 33 سم,سيراميك حوائط,247.72,75,"Gilmore, Cole and Hayes",الجيزة,2025-06-01,247.72
P0800,اكسسوارات Realize 85 سم,بانيوهات,1332.75,147,Bean Group,الجيزة,2025-04-02,5331.0
P0801,سيراميك أرضيات Effect 92 سم,سيراميك أرضيات,1189.46,193,"Reed, Trevino and Berry",الجيزة,2025-05-29,4757.84
P0802,تواليت Fund 78 سم,سيراميك حوائط,1313.73,123,Cobb-Patel,القاهرة,2025-03-29,3941.19
P0803,أحواض Single 68 سم,تواليت,1214.69,56,Robertson PLC,الإسكندرية,2025-01-08,3644.07
P0804,سيراميك أرضيات Discuss 65 سم,سيراميك حوائط,873.13,179,Wilson Group,الجيزة,2025-02-14,1746.26
P0805,بانيوهات Up 31 سم,سيراميك أرضيات,1059.49,87,Little-King,القاهرة,2025-01-03,5297.45
P0806,خلاطات International 80 سم,بانيوهات,627.28,146,"Rodriguez, Green and Snow",الجيزة,2025-06-11,1254.56
P0807,تواليت Detail 44 سم,سيراميك أرضيات,1145.1,60,"Poole, Ellis and Hamilton",الإسكندرية,2025-06-08,3435.3
P0808,خلاطات Out 49 سم,خلاطات,1277.17,158,Chan Group,الجيزة,2025-04-22,2554.34
P0809,اكسسوارات Step 33 سم,أحواض,1392.25,173,Scott-Jimenez,أسيوط,2025-03-01,6961.25
P0810,أحواض Crime 89 سم,أحواض,1294.81,95,Lewis-Williams,طنطا,2025-05-09,3884.43
P0811,سيراميك أرضيات Several 93 سم,اكسسوارات,520.89,46,Parks and Sons,طنطا,2025-05-04,1562.67
P0812,سيراميك أرضيات Off 48 سم,اكسسوارات,928.5,13,Dixon Group,طنطا,2025-03-24,3714.0
P0813,سيراميك أرضيات Important 89 سم,أحواض,828.34,100,"Larson, Andrade and Jones",الإسكندرية,2025-02-23,3313.36
P0814,أحواض Direction 86 سم,سيراميك أرضيات,576.13,2,Santos-Hardy,القاهرة,2025-05-17,1152.26
P0815,سيراميك أرضيات Build 94 سم,أحواض,589.34,156,Maynard Ltd,الجيزة,2025-01-19,1178.68
P0816,سيراميك حوائط Stand 53 سم,خلاطات,513.7,156,"Burke, Carter and Smith",الجيزة,2025-01-08,1541.1
P0817,خلاطات Authority 83 سم,سيراميك أرضيات,434.22,179,Gibbs Inc,الجيزة,2025-03-05,1302.66
P0818,اكسسوارات Democrat 71 سم,بانيوهات,758.48,146,"Baker, Harris and Maldonado",الإسكندرية,2024-12-26,3792.4
P0819,تواليت Simple 49 سم,اكسسوارات,284.82,69,Cortez Ltd,الإسكندرية,2025-04-18,1424.1
P0820,سيراميك أرضيات Film 68 سم,خلاطات,346.89,189,Calhoun Group,الإسكندرية,2025-04-09,1387.56
P0821,اكسسوارات Defense 21 سم,خلاطات,719.05,34,Mcmillan Ltd,طنطا,2025-05-11,3595.25
P0822,تواليت Coach 60 سم,اكسسوارات,806.94,64,Knox-Wong,طنطا,2025-04-27,4034.7
P0823,أحواض Kind 70 سم,أحواض,1082.23,15,Lane LLC,الإسكندرية,2025-05-31,3246.69
P0824,سيراميك أرضيات Mr 100 سم,أحواض,757.3,85,Small-Jones,الجيزة,2025-05-31,2271.9
P0825,بانيوهات They 91 سم,سيراميك حوائط,1407.99,65,Baldwin and Sons,الجيزة,2025-04-28,1407.99
P0826,سيراميك أرضيات International 35 سم,بانيوهات,1320.95,155,Johnson-Clark,الإسكندرية,2025-02-24,6604.75
P0827,سيراميك حوائط Upon 88 سم,خلاطات,1472.15,72,"Mitchell, Robinson and Allen",الجيزة,2025-03-16,4416.45
P0828,تواليت Little 85 سم,سيراميك أرضيات,1195.9,114,Hunt Ltd,القاهرة,2025-06-06,4783.6
P0829,سيراميك حوائط Decision 56 سم,سيراميك أرضيات,1002.81,37,"Beck, Murphy and Chavez",الإسكندرية,2025-04-29,3008.43
P0830,سيراميك أرضيات Night 100 سم,سيراميك حوائط,921.71,18,"Glenn, Schmidt and Walker",القاهرة,2025-05-09,1843.42
P0831,بانيوهات Process 49 سم,بانيوهات,577.79,74,Brown Ltd,الجيزة,2025-05-12,2888.95
P0832,تواليت Control 70 سم,بانيوهات,1348.38,199,"King, Morgan and Miller",الجيزة,2025-01-14,6741.9
P0833,سيراميك حوائط Door 77 سم,سيراميك أرضيات,375.88,5,"Barajas, Benton and Herring",الإسكندرية,2025-01-06,751.76
P0834,تواليت Right 52 سم,تواليت,1095.94,20,Owens Ltd,الإسكندرية,2025-04-18,2191.88
P0835,سيراميك أرضيات Minute 33 سم,أحواض,236.12,121,Griffith-Stewart,طنطا,2025-02-22,236.12
P0836,أحواض Amount 70 سم,سيراميك حوائط,1182.75,21,May-Shepherd,القاهرة,2025-04-19,3548.25
P0837,سيراميك حوائط Bed 39 سم,أحواض,1034.02,99,King-Ramirez,الجيزة,2025-01-03,2068.04
P0838,خلاطات Reveal 56 سم,سيراميك أرضيات,995.75,33,King and Sons,طنطا,2025-02-06,1991.5
P0839,أحواض Course 24 سم,تواليت,631.74,83,Young-May,أسيوط,2025-04-29,2526.96
P0840,اكسسوارات Everyone 89 سم,بانيوهات,890.54,34,"Kim, Pham and Meadows",طنطا,2025-01-08,1781.08
P0841,سيراميك حوائط Those 96 سم,سيراميك أرضيات,1001.91,162,"Lamb, Ward and Mckinney",طنطا,2025-04-28,4007.64
P0842,سيراميك حوائط Dog 88 سم,بانيوهات,1377.05,123,Higgins-Glover,طنطا,2025-04-11,2754.1
P0843,اكسسوارات Fast 31 سم,سيراميك أرضيات,565.62,105,Smith PLC,الجيزة,2025-01-09,1131.24
P0844,بانيوهات Present 21 سم,أحواض,856.48,194,Fuller-Stewart,الإسكندرية,2025-06-02,2569.44
P0845,بانيوهات End 80 سم,سيراميك حوائط,161.23,125,Knox-Frazier,أسيوط,2025-02-27,483.69
P0846,أحواض Vote 75 سم,اكسسوارات,545.45,59,"Lewis, Green and Lawrence",القاهرة,2025-04-26,2727.25
P0847,بانيوهات Especially 44 سم,سيراميك أرضيات,1340.92,111,Gomez PLC,أسيوط,2025-04-25,2681.84
P0848,خلاطات Treat 69 سم,اكسسوارات,660.78,67,Miller LLC,القاهرة,2025-04-13,2643.12
P0849,تواليت Herself 50 سم,سيراميك حوائط,1182.13,156,White-Chase,الجيزة,2025-01-19,3546.39
P0850,تواليت Meeting 88 سم,اكسسوارات,512.91,48,Sutton-Davidson,القاهرة,2025-06-14,1025.82
P0851,خلاطات Also 57 سم,أحواض,1009.81,158,Atkins PLC,أسيوط,2025-03-18,3029.43
P0852,تواليت Stay 99 سم,سيراميك أرضيات,403.52,4,Dawson PLC,الإسكندرية,2025-06-19,403.52
P0853,سيراميك حوائط He 22 سم,خلاطات,1462.65,72,"Parker, Johns and Lambert",الجيزة,2025-03-06,2925.3
P0854,تواليت South 76 سم,تواليت,161.08,23,Reilly and Sons,الإسكندرية,2025-05-06,161.08
P0855,سيراميك أرضيات Arm 47 سم,بانيوهات,717.33,127,Miller-Harvey,الجيزة,2024-12-20,2869.32
P0856,تواليت Someone 24 سم,بانيوهات,258.3,192,"Johnson, Wise and Meyer",الإسكندرية,2025-02-08,258.3
P0857,بانيوهات Race 70 سم,أحواض,883.31,46,Baker LLC,الإسكندرية,2025-03-23,2649.93
P0858,اكسسوارات Throughout 68 سم,اكسسوارات,167.03,196,Reese Ltd,الإسكندرية,2025-06-14,668.12
P0859,اكسسوارات Sell 76 سم,خلاطات,1145.79,8,"Brown, Anderson and Holmes",الإسكندرية,2025-02-01,4583.16
P0860,تواليت Still 32 سم,سيراميك حوائط,1049.11,53,"Gray, Novak and Crawford",أسيوط,2025-03-08,4196.44
P0861,تواليت Magazine 59 سم,بانيوهات,364.13,186,Patterson-Beck,القاهرة,2025-03-15,1820.65
P0862,سيراميك حوائط Choose 35 سم,بانيوهات,799.66,76,Simpson Inc,الإسكندرية,2025-04-08,2398.98
P0863,أحواض Knowledge 47 سم,أحواض,468.55,111,Dawson-Garcia,الجيزة,2025-03-22,468.55
P0864,خلاطات Artist 55 سم,سيراميك حوائط,311.53,62,Tucker and Sons,القاهرة,2025-01-03,311.53
P0865,سيراميك حوائط Score 80 سم,تواليت,954.89,95,"Butler, Hernandez and Brown",القاهرة,2025-05-02,1909.78
P0866,خلاطات Majority 83 سم,أحواض,1076.03,86,Vega-Coleman,القاهرة,2025-01-12,1076.03
P0867,بانيوهات Fear 39 سم,تواليت,874.08,27,"Oconnor, Briggs and Baxter",الإسكندرية,2024-12-24,3496.32
P0868,خلاطات Case 60 سم,سيراميك حوائط,1214.56,193,Brown Group,الجيزة,2025-04-12,4858.24
P0869,تواليت Know 44 سم,أحواض,1080.49,91,Sullivan-Noble,الإسكندرية,2025-03-08,3241.47
P0870,أحواض True 82 سم,تواليت,740.63,75,"Mckinney, Williams and Burns",طنطا,2025-05-20,2962.52
P0871,خلاطات Firm 92 سم,خلاطات,883.89,82,Lopez LLC,أسيوط,2025-02-11,2651.67
P0872,اكسسوارات Rock 96 سم,اكسسوارات,898.6,17,Martinez-Newman,طنطا,2025-01-26,1797.2
P0873,سيراميك أرضيات Visit 57 سم,اكسسوارات,505.52,93,"Novak, Osborne and Ford",أسيوط,2025-03-27,505.52
P0874,اكسسوارات Argue 84 سم,سيراميك أرضيات,1140.44,4,Thomas-Mitchell,طنطا,2025-03-06,3421.32
P0875,اكسسوارات Call 99 سم,خلاطات,582.94,16,"Robertson, Stevens and Flores",طنطا,2025-01-12,2331.76
P0876,خلاطات Social 87 سم,تواليت,821.69,141,Patterson-Miller,الإسكندرية,2025-01-29,4108.45
P0877,بانيوهات True 61 سم,سيراميك أرضيات,1015.22,28,Lloyd Group,القاهرة,2025-02-15,5076.1
P0878,تواليت Father 28 سم,أحواض,1277.51,33,Richard-King,الإسكندرية,2024-12-25,1277.51
P0879,خلاطات Paper 33 سم,سيراميك أرضيات,408.68,8,"Leonard, Smith and Marks",طنطا,2025-02-12,1634.72
P0880,تواليت Reveal 82 سم,سيراميك حوائط,992.36,151,"Russell, Jones and Watson",الجيزة,2025-01-23,992.36
P0881,بانيوهات Mr 48 سم,سيراميك حوائط,1119.09,3,Branch-Ferguson,الإسكندرية,2025-02-16,4476.36
P0882,اكسسوارات Real 30 سم,سيراميك أرضيات,1231.38,15,Gonzalez-Young,الجيزة,2025-01-24,6156.9
P0883,تواليت Catch 73 سم,اكسسوارات,648.24,181,"Vincent, James and Newton",القاهرة,2025-03-21,3241.2
P0884,بانيوهات Feel 87 سم,أحواض,1141.31,77,Butler LLC,القاهرة,2025-02-07,2282.62
P0885,سيراميك حوائط Old 32 سم,أحواض,1128.98,136,"Davis, Huang and Perez",أسيوط,2025-05-05,2257.96
P0886,خلاطات Know 87 سم,تواليت,485.83,160,"Thomas, Little and Wade",الإسكندرية,2025-03-19,2429.15
P0887,تواليت Food 91 سم,سيراميك أرضيات,1157.25,196,Miller-Munoz,طنطا,2025-04-14,3471.75
P0888,تواليت Skill 78 سم,تواليت,1048.08,26,Townsend PLC,الإسكندرية,2025-02-18,2096.16
P0889,سيراميك حوائط Choose 71 سم,سيراميك حوائط,605.64,40,Rose Ltd,طنطا,2025-03-06,3028.2
P0890,سيراميك أرضيات About 65 سم,بانيوهات,892.61,83,Fleming Inc,الجيزة,2025-04-24,3570.44
P0891,اكسسوارات Machine 75 سم,اكسسوارات,1129.92,155,"Roberts, Shannon and Mcdaniel",الإسكندرية,2025-03-04,5649.6
P0892,سيراميك حوائط Industry 47 سم,سيراميك أرضيات,1183.71,190,Miller LLC,الجيزة,2025-01-23,3551.13
P0893,سيراميك أرضيات Although 77 سم,سيراميك أرضيات,150.26,8,Miller-Walker,الجيزة,2024-12-28,751.3
P0894,أحواض Over 86 سم,خلاطات,1491.11,77,"Mcguire, Pugh and Whitehead",القاهرة,2025-02-21,4473.33
P0895,خلاطات Able 47 سم,اكسسوارات,575.12,197,Wilson and Sons,الجيزة,2025-05-12,2875.6
P0896,سيراميك حوائط Down 91 سم,سيراميك حوائط,1400.0,39,David and Sons,القاهرة,2025-06-03,1400.0
P0897,سيراميك أرضيات Myself 65 سم,خلاطات,336.85,93,Thompson-Lawrence,طنطا,2025-05-18,673.7
P0898,خلاطات Probably 52 سم,اكسسوارات,555.41,146,Roberson Ltd,أسيوط,2025-02-24,2777.05
P0899,خلاطات Short 29 سم,تواليت,588.33,123,Grant PLC,الإسكندرية,2025-03-08,2353.32
P0900,اكسسوارات Themselves 93 سم,اكسسوارات,1375.34,152,Johnson PLC,الجيزة,2025-04-17,1375.34
P0901,تواليت Job 93 سم,سيراميك أرضيات,255.94,14,Hunter-Hutchinson,الجيزة,2025-05-09,767.82
P0902,اكسسوارات Common 75 سم,سيراميك أرضيات,1405.83,30,Ortiz-Chandler,الإسكندرية,2025-03-28,7029.15
P0903,أحواض Certainly 100 سم,سيراميك أرضيات,223.07,134,Schwartz and Sons,القاهرة,2025-05-22,669.21
P0904,سيراميك حوائط Fire 92 سم,خلاطات,591.22,178,Anderson-Whitehead,الإسكندرية,2025-03-15,1182.44
P0905,أحواض Pattern 70 سم,سيراميك أرضيات,1166.33,147,Mcclure-Chen,طنطا,2025-04-10,1166.33
P0906,خلاطات Section 75 سم,بانيوهات,1211.6,37,Cook and Sons,الإسكندرية,2025-01-05,3634.8
P0907,أحواض Customer 80 سم,سيراميك حوائط,1156.18,140,Payne Inc,أسيوط,2025-03-22,3468.54
P0908,أحواض Region 71 سم,سيراميك حوائط,736.56,178,"Moore, Ballard and Roman",الإسكندرية,2025-05-01,1473.12
P0909,سيراميك أرضيات Production 91 سم,خلاطات,808.61,166,Gray PLC,طنطا,2025-06-19,1617.22
P0910,سيراميك حوائط Compare 98 سم,تواليت,857.73,62,Hill Group,القاهرة,2025-02-12,2573.19
P0911,اكسسوارات Three 75 سم,بانيوهات,1074.4,147,Hall PLC,القاهرة,2025-05-08,1074.4
P0912,تواليت Able 72 سم,سيراميك أرضيات,643.11,48,Daniels-Garcia,الجيزة,2025-05-11,1929.33
P0913,سيراميك حوائط Attention 23 سم,اكسسوارات,561.51,89,"Anderson, Calderon and Hayes",طنطا,2025-03-30,2246.04
P0914,سيراميك حوائط Affect 38 سم,سيراميك أرضيات,210.58,59,Parker-Jones,الإسكندرية,2025-02-13,631.74
P0915,خلاطات Well 30 سم,أحواض,1148.44,62,Guerrero Ltd,طنطا,2025-04-11,2296.88
P0916,اكسسوارات Those 56 سم,أحواض,613.42,28,Golden Inc,الجيزة,2025-01-14,2453.68
P0917,سيراميك أرضيات Above 22 سم,بانيوهات,432.16,137,Nelson PLC,الإسكندرية,2025-04-06,864.32
P0918,سيراميك حوائط Daughter 86 سم,اكسسوارات,499.19,123,Mcmillan-Morrison,طنطا,2025-02-06,998.38
P0919,تواليت Act 22 سم,سيراميك أرضيات,937.06,169,"Thompson, Best and Ruiz",طنطا,2025-03-16,937.06
P0920,بانيوهات Research 41 سم,أحواض,533.42,178,Woods Group,طنطا,2025-04-05,1600.26
P0921,أحواض Happen 79 سم,تواليت,1425.99,17,"Melendez, Nelson and Harris",أسيوط,2025-02-19,4277.97
P0922,تواليت Among 66 سم,اكسسوارات,295.65,74,Murray PLC,أسيوط,2025-03-20,591.3
P0923,سيراميك أرضيات Little 85 سم,تواليت,284.47,80,"Woods, Torres and Cox",أسيوط,2025-03-30,1422.35
P0924,سيراميك حوائط Upon 31 سم,خلاطات,418.48,117,Moreno-Hill,طنطا,2025-04-22,418.48
P0925,أحواض Focus 51 سم,سيراميك حوائط,561.65,125,Wong-Palmer,أسيوط,2025-04-30,1123.3
P0926,أحواض Rich 64 سم,تواليت,625.08,160,Hill-Simon,الجيزة,2025-03-28,1250.16
P0927,سيراميك حوائط Half 55 سم,اكسسوارات,233.71,65,Adams Inc,أسيوط,2025-05-10,233.71
P0928,سيراميك حوائط Rate 55 سم,خلاطات,354.81,100,Wilkins Inc,الإسكندرية,2025-05-30,354.81
P0929,تواليت Represent 68 سم,سيراميك حوائط,1446.82,156,Williamson-Medina,الإسكندرية,2025-05-09,5787.28
P0930,خلاطات Left 93 سم,خلاطات,725.73,79,Garner LLC,طنطا,2025-02-17,2177.19
P0931,سيراميك أرضيات Their 89 سم,خلاطات,429.12,35,Kennedy Inc,طنطا,2025-03-06,2145.6
P0932,تواليت Listen 45 سم,اكسسوارات,336.45,176,Bradley Ltd,طنطا,2025-02-19,672.9
P0933,سيراميك أرضيات Region 38 سم,تواليت,1409.59,40,"Morgan, Haney and Smith",الجيزة,2025-03-28,1409.59
P0934,سيراميك حوائط Simple 88 سم,تواليت,309.82,81,"Carr, Martinez and White",الإسكندرية,2025-05-27,309.82
P0935,اكسسوارات Collection 60 سم,سيراميك أرضيات,1447.61,77,Gonzales-Preston,أسيوط,2025-05-19,4342.83
P0936,خلاطات Ok 44 سم,أحواض,327.59,6,"Townsend, Rocha and Greene",طنطا,2024-12-26,1637.95
P0937,بانيوهات No 97 سم,سيراميك حوائط,976.69,152,Smith Inc,الإسكندرية,2025-01-09,1953.38
P0938,تواليت Foot 23 سم,بانيوهات,257.29,199,Wagner Ltd,أسيوط,2025-03-29,514.58
P0939,سيراميك حوائط Character 97 سم,سيراميك أرضيات,1111.23,95,"Rojas, Taylor and Warner",الإسكندرية,2025-01-21,4444.92
P0940,سيراميك أرضيات Sometimes 80 سم,خلاطات,371.11,57,Mclean and Sons,القاهرة,2025-03-10,1484.44
P0941,اكسسوارات Remember 21 سم,بانيوهات,1432.77,56,Shaffer-Lewis,الإسكندرية,2025-05-29,2865.54
P0942,أحواض Assume 42 سم,سيراميك أرضيات,1320.62,125,Gray Inc,الجيزة,2025-05-14,5282.48
P0943,خلاطات Give 74 سم,سيراميك أرضيات,1197.89,155,Wheeler-Hill,أسيوط,2025-05-14,3593.67
P0944,سيراميك أرضيات Color 98 سم,تواليت,922.11,137,Roman-Bowman,طنطا,2025-03-01,922.11
P0945,سيراميك حوائط Practice 33 سم,سيراميك أرضيات,766.82,10,Barker Inc,الإسكندرية,2025-01-07,3834.1
P0946,سيراميك حوائط Whose 70 سم,تواليت,202.99,99,"Ramos, Morton and Watts",طنطا,2025-03-24,202.99
P0947,خلاطات Production 57 سم,سيراميك أرضيات,687.35,77,"Miller, Campbell and Lewis",الجيزة,2025-03-11,2749.4
P0948,خلاطات Give 74 سم,بانيوهات,977.73,13,Boone-Thornton,طنطا,2025-06-08,1955.46
P0949,سيراميك أرضيات Since 77 سم,أحواض,1125.57,28,"Campbell, Ramsey and Martin",الإسكندرية,2025-04-15,5627.85
P0950,تواليت Crime 89 سم,خلاطات,680.64,82,Dorsey-Stephens,أسيوط,2025-02-28,680.64
P0951,خلاطات Sing 78 سم,سيراميك حوائط,1360.43,51,"Hernandez, Watson and Payne",أسيوط,2025-05-11,1360.43
P0952,بانيوهات Environmental 61 سم,تواليت,1025.58,182,Sullivan-Gonzales,الإسكندرية,2025-05-06,1025.58
P0953,أحواض Receive 34 سم,تواليت,756.69,92,"Bishop, Meyer and Fowler",القاهرة,2025-02-20,3783.45
P0954,تواليت Language 69 سم,تواليت,1217.94,130,Cannon PLC,طنطا,2025-04-22,2435.88
P0955,سيراميك أرضيات City 90 سم,سيراميك أرضيات,209.27,43,Roberson-Peterson,الجيزة,2025-03-20,1046.35
P0956,اكسسوارات Today 39 سم,خلاطات,1322.91,45,"Schroeder, Walters and Jones",القاهرة,2025-01-19,5291.64
P0957,بانيوهات Coach 59 سم,تواليت,1187.65,114,Evans-Davis,الجيزة,2025-06-06,2375.3
P0958,أحواض Start 36 سم,خلاطات,154.77,195,Romero-Reed,الجيزة,2025-01-28,154.77
P0959,سيراميك أرضيات Wait 83 سم,اكسسوارات,823.17,1,"Aguilar, Wells and Hess",طنطا,2025-02-15,3292.68
P0960,خلاطات Cultural 47 سم,سيراميك حوائط,1040.29,116,Mahoney Inc,أسيوط,2025-03-01,4161.16
P0961,أحواض Sea 96 سم,سيراميك حوائط,158.87,140,"Fisher, Morris and Campbell",الجيزة,2025-06-10,794.35
P0962,تواليت Box 91 سم,اكسسوارات,1264.09,12,Olson-Romero,الإسكندرية,2025-03-20,2528.18
P0963,أحواض Smile 64 سم,أحواض,346.26,8,Doyle Ltd,طنطا,2025-01-05,1731.3
P0964,بانيوهات Student 62 سم,أحواض,216.19,106,Jones PLC,الإسكندرية,2025-02-15,432.38
P0965,تواليت Want 56 سم,سيراميك حوائط,1042.25,179,"Phillips, Beck and Gomez",طنطا,2025-02-06,5211.25
P0966,اكسسوارات Either 91 سم,خلاطات,1454.5,191,"Turner, Booker and Malone",طنطا,2024-12-21,4363.5
P0967,أحواض Natural 31 سم,اكسسوارات,554.05,94,Green-Garcia,أسيوط,2025-03-18,554.05
P0968,اكسسوارات Compare 74 سم,اكسسوارات,893.14,74,"Wilson, Jordan and Robertson",أسيوط,2025-02-07,1786.28
P0969,أحواض Behavior 55 سم,بانيوهات,861.52,134,Brown and Sons,الإسكندرية,2025-01-17,1723.04
P0970,سيراميك حوائط Standard 27 سم,أحواض,921.35,161,House PLC,طنطا,2025-01-27,921.35
P0971,سيراميك أرضيات Doctor 97 سم,اكسسوارات,1481.48,73,Williams-Clark,أسيوط,2025-02-16,7407.4
P0972,اكسسوارات Determine 60 سم,بانيوهات,859.28,159,Spears Inc,الجيزة,2025-02-04,1718.56
P0973,سيراميك حوائط Again 92 سم,سيراميك أرضيات,851.6,161,Fisher-Pierce,أسيوط,2025-02-16,3406.4
P0974,اكسسوارات Respond 43 سم,سيراميك حوائط,464.17,74,"Hall, Mcguire and Bailey",الإسكندرية,2025-02-19,464.17
P0975,أحواض Quite 23 سم,سيراميك أرضيات,994.37,30,"Williams, Allen and Gonzalez",الإسكندرية,2025-01-13,4971.85
P0976,سيراميك أرضيات Study 72 سم,أحواض,600.62,143,Singleton Ltd,الإسكندرية,2025-02-02,600.62
P0977,تواليت Garden 45 سم,تواليت,530.2,17,Jones-Russell,الجيزة,2025-06-11,1590.6
P0978,سيراميك حوائط Development 90 سم,بانيوهات,1185.49,29,"Dixon, Ward and Wright",الجيزة,2025-03-03,3556.47
P0979,سيراميك أرضيات News 92 سم,سيراميك حوائط,1446.15,44,"Martinez, Murphy and Banks",الإسكندرية,2025-01-30,4338.45
P0980,اكسسوارات Whether 63 سم,تواليت,796.8,121,Mcgee Ltd,القاهرة,2025-04-11,1593.6
P0981,سيراميك أرضيات Blood 39 سم,تواليت,771.83,137,Lutz-Smith,الجيزة,2025-02-24,3087.32
P0982,اكسسوارات Threat 72 سم,تواليت,225.63,133,Cook-Davis,الجيزة,2025-05-18,1128.15
P0983,تواليت Station 60 سم,سيراميك حوائط,873.45,53,"Franco, Baker and Brown",طنطا,2025-06-15,2620.35
P0984,اكسسوارات Though 65 سم,أحواض,1458.98,71,Grant-Macdonald,القاهرة,2025-04-22,4376.94
P0985,سيراميك أرضيات Significant 100 سم,سيراميك حوائط,1287.25,146,"Golden, Webb and Mccoy",طنطا,2025-01-07,5149.0
P0986,خلاطات Tough 96 سم,أحواض,1317.2,192,"Palmer, Jones and Caldwell",الجيزة,2025-02-07,3951.6
P0987,تواليت Truth 24 سم,بانيوهات,708.72,127,"Espinoza, Solis and Wheeler",الإسكندرية,2025-02-25,2126.16
P0988,سيراميك أرضيات Report 58 سم,خلاطات,858.89,44,"Flores, Singleton and Brown",القاهرة,2025-06-14,2576.67
P0989,اكسسوارات Baby 24 سم,اكسسوارات,422.83,23,Flores-Booker,أسيوط,2025-05-23,2114.15
P0990,أحواض Listen 81 سم,سيراميك حوائط,358.0,87,Green Group,أسيوط,2025-01-27,1790.0
P0991,بانيوهات She 61 سم,خلاطات,1188.8,25,Taylor-Thomas,طنطا,2025-03-12,2377.6
P0992,خلاطات Tv 24 سم,سيراميك أرضيات,673.24,133,Coleman PLC,القاهرة,2025-01-06,673.24
P0993,بانيوهات Him 25 سم,تواليت,1294.97,22,Perez-Hill,الجيزة,2025-06-09,5179.88
P0994,أحواض Black 33 سم,سيراميك حوائط,1184.34,190,"Wallace, Cisneros and Taylor",الجيزة,2025-06-10,1184.34
P0995,سيراميك حوائط Our 59 سم,تواليت,1354.38,82,"Cox, Lucas and Williams",الإسكندرية,2025-02-18,2708.76
P0996,بانيوهات Final 55 سم,سيراميك حوائط,580.85,112,"Campbell, Richardson and Smith",القاهرة,2025-02-24,1742.55
P0997,خلاطات Hold 40 سم,بانيوهات,304.52,159,Fields-Richard,طنطا,2025-05-27,1522.6
P0998,أحواض Artist 46 سم,سيراميك حوائط,622.93,81,Taylor Group,الجيزة,2025-01-13,1245.86
P0999,تواليت Case 56 سم,سيراميك حوائط,480.51,18,Jones-Wilson,الجيزة,2025-05-12,2402.55
P1000,بانيوهات Culture 89 سم,سيراميك أرضيات,218.48,7,"Cruz, Marquez and Wright",أسيوط,2025-03-18,218.48
